"organizer","month","year","date","count"
"Alice Austen","Jan",2013,Jan 2013,1
"Alice Austen","Feb",2013,Feb 2013,1
"Alice Austen","Mar",2013,Mar 2013,5
"Alice Austen","Mar",2015,Mar 2015,4
"Alice Austen","Mar",2016,Mar 2016,2
"Alice Austen","Mar",2017,Mar 2017,32
"Alice Austen","Apr",2013,Apr 2013,1
"Alice Austen","Apr",2014,Apr 2014,1
"Alice Austen","Apr",2015,Apr 2015,2
"Alice Austen","Apr",2016,Apr 2016,3
"Alice Austen","Apr",2017,Apr 2017,29
"Alice Austen","May",2014,May 2014,3
"Alice Austen","May",2015,May 2015,9
"Alice Austen","May",2016,May 2016,7
"Alice Austen","May",2017,May 2017,31
"Alice Austen","Jun",2014,Jun 2014,2
"Alice Austen","Jun",2015,Jun 2015,3
"Alice Austen","Jun",2016,Jun 2016,6
"Alice Austen","Jun",2017,Jun 2017,4
"Alice Austen","Jun",2018,Jun 2018,1
"Alice Austen","Jul",2013,Jul 2013,15
"Alice Austen","Jul",2015,Jul 2015,2
"Alice Austen","Jul",2016,Jul 2016,7
"Alice Austen","Jul",2017,Jul 2017,6
"Alice Austen","Jul",2018,Jul 2018,5
"Alice Austen","Aug",2014,Aug 2014,5
"Alice Austen","Aug",2015,Aug 2015,2
"Alice Austen","Aug",2016,Aug 2016,6
"Alice Austen","Aug",2017,Aug 2017,4
"Alice Austen","Aug",2018,Aug 2018,5
"Alice Austen","Sep",2013,Sep 2013,2
"Alice Austen","Sep",2014,Sep 2014,10
"Alice Austen","Sep",2015,Sep 2015,16
"Alice Austen","Sep",2016,Sep 2016,3
"Alice Austen","Sep",2017,Sep 2017,3
"Alice Austen","Sep",2018,Sep 2018,1
"Alice Austen","Oct",2013,Oct 2013,4
"Alice Austen","Oct",2014,Oct 2014,33
"Alice Austen","Oct",2015,Oct 2015,60
"Alice Austen","Oct",2016,Oct 2016,5
"Alice Austen","Oct",2017,Oct 2017,5
"Alice Austen","Oct",2018,Oct 2018,5
"Alice Austen","Nov",2013,Nov 2013,7
"Alice Austen","Nov",2014,Nov 2014,32
"Alice Austen","Nov",2015,Nov 2015,56
"Alice Austen","Nov",2016,Nov 2016,6
"Alice Austen","Nov",2017,Nov 2017,7
"Alice Austen","Nov",2018,Nov 2018,4
"Alice Austen","Dec",2013,Dec 2013,2
"Alice Austen","Dec",2014,Dec 2014,26
"Alice Austen","Dec",2015,Dec 2015,53
"Alice Austen","Dec",2016,Dec 2016,2
"Alice Austen","Dec",2017,Dec 2017,2
"Alice Austen","Dec",2018,Dec 2018,1
"Art & Antiquities","Jan",2013,Jan 2013,8
"Art & Antiquities","Jan",2014,Jan 2014,14
"Art & Antiquities","Jan",2015,Jan 2015,19
"Art & Antiquities","Jan",2016,Jan 2016,14
"Art & Antiquities","Jan",2017,Jan 2017,19
"Art & Antiquities","Jan",2018,Jan 2018,16
"Art & Antiquities","Feb",2013,Feb 2013,20
"Art & Antiquities","Feb",2014,Feb 2014,19
"Art & Antiquities","Feb",2015,Feb 2015,17
"Art & Antiquities","Feb",2016,Feb 2016,21
"Art & Antiquities","Feb",2017,Feb 2017,19
"Art & Antiquities","Feb",2018,Feb 2018,17
"Art & Antiquities","Mar",2013,Mar 2013,20
"Art & Antiquities","Mar",2014,Mar 2014,20
"Art & Antiquities","Mar",2015,Mar 2015,22
"Art & Antiquities","Mar",2016,Mar 2016,18
"Art & Antiquities","Mar",2017,Mar 2017,19
"Art & Antiquities","Mar",2018,Mar 2018,19
"Art & Antiquities","Apr",2013,Apr 2013,22
"Art & Antiquities","Apr",2014,Apr 2014,19
"Art & Antiquities","Apr",2015,Apr 2015,21
"Art & Antiquities","Apr",2016,Apr 2016,19
"Art & Antiquities","Apr",2017,Apr 2017,20
"Art & Antiquities","Apr",2018,Apr 2018,21
"Art & Antiquities","May",2014,May 2014,26
"Art & Antiquities","May",2015,May 2015,21
"Art & Antiquities","May",2016,May 2016,35
"Art & Antiquities","May",2017,May 2017,25
"Art & Antiquities","May",2018,May 2018,31
"Art & Antiquities","Jun",2013,Jun 2013,4
"Art & Antiquities","Jun",2014,Jun 2014,22
"Art & Antiquities","Jun",2015,Jun 2015,21
"Art & Antiquities","Jun",2016,Jun 2016,24
"Art & Antiquities","Jun",2017,Jun 2017,38
"Art & Antiquities","Jun",2018,Jun 2018,28
"Art & Antiquities","Jul",2013,Jul 2013,23
"Art & Antiquities","Jul",2014,Jul 2014,24
"Art & Antiquities","Jul",2015,Jul 2015,30
"Art & Antiquities","Jul",2016,Jul 2016,21
"Art & Antiquities","Jul",2017,Jul 2017,32
"Art & Antiquities","Jul",2018,Jul 2018,28
"Art & Antiquities","Aug",2013,Aug 2013,24
"Art & Antiquities","Aug",2014,Aug 2014,19
"Art & Antiquities","Aug",2015,Aug 2015,23
"Art & Antiquities","Aug",2016,Aug 2016,21
"Art & Antiquities","Aug",2017,Aug 2017,38
"Art & Antiquities","Aug",2018,Aug 2018,29
"Art & Antiquities","Sep",2013,Sep 2013,15
"Art & Antiquities","Sep",2014,Sep 2014,16
"Art & Antiquities","Sep",2015,Sep 2015,19
"Art & Antiquities","Sep",2016,Sep 2016,2
"Art & Antiquities","Sep",2017,Sep 2017,30
"Art & Antiquities","Sep",2018,Sep 2018,19
"Art & Antiquities","Oct",2013,Oct 2013,26
"Art & Antiquities","Oct",2014,Oct 2014,25
"Art & Antiquities","Oct",2015,Oct 2015,21
"Art & Antiquities","Oct",2016,Oct 2016,18
"Art & Antiquities","Oct",2017,Oct 2017,34
"Art & Antiquities","Oct",2018,Oct 2018,27
"Art & Antiquities","Nov",2013,Nov 2013,10
"Art & Antiquities","Nov",2014,Nov 2014,9
"Art & Antiquities","Nov",2015,Nov 2015,11
"Art & Antiquities","Nov",2016,Nov 2016,21
"Art & Antiquities","Nov",2017,Nov 2017,23
"Art & Antiquities","Nov",2018,Nov 2018,19
"Art & Antiquities","Dec",2013,Dec 2013,19
"Art & Antiquities","Dec",2014,Dec 2014,21
"Art & Antiquities","Dec",2015,Dec 2015,23
"Art & Antiquities","Dec",2016,Dec 2016,20
"Art & Antiquities","Dec",2017,Dec 2017,18
"Art & Antiquities","Dec",2018,Dec 2018,1
"Arts, Culture & Fun","Jan",2013,Jan 2013,1
"Arts, Culture & Fun","Jan",2014,Jan 2014,3
"Arts, Culture & Fun","Jan",2015,Jan 2015,4
"Arts, Culture & Fun","Jan",2016,Jan 2016,7
"Arts, Culture & Fun","Jan",2017,Jan 2017,2
"Arts, Culture & Fun","Jan",2018,Jan 2018,4
"Arts, Culture & Fun","Feb",2013,Feb 2013,1
"Arts, Culture & Fun","Feb",2014,Feb 2014,9
"Arts, Culture & Fun","Feb",2015,Feb 2015,3
"Arts, Culture & Fun","Feb",2016,Feb 2016,3
"Arts, Culture & Fun","Feb",2017,Feb 2017,5
"Arts, Culture & Fun","Feb",2018,Feb 2018,8
"Arts, Culture & Fun","Mar",2014,Mar 2014,5
"Arts, Culture & Fun","Mar",2015,Mar 2015,1
"Arts, Culture & Fun","Mar",2016,Mar 2016,8
"Arts, Culture & Fun","Mar",2017,Mar 2017,29
"Arts, Culture & Fun","Mar",2018,Mar 2018,7
"Arts, Culture & Fun","Apr",2014,Apr 2014,2
"Arts, Culture & Fun","Apr",2015,Apr 2015,7
"Arts, Culture & Fun","Apr",2016,Apr 2016,4
"Arts, Culture & Fun","Apr",2017,Apr 2017,26
"Arts, Culture & Fun","Apr",2018,Apr 2018,13
"Arts, Culture & Fun","May",2014,May 2014,3
"Arts, Culture & Fun","May",2015,May 2015,4
"Arts, Culture & Fun","May",2016,May 2016,7
"Arts, Culture & Fun","May",2017,May 2017,9
"Arts, Culture & Fun","May",2018,May 2018,11
"Arts, Culture & Fun","Jun",2014,Jun 2014,4
"Arts, Culture & Fun","Jun",2015,Jun 2015,7
"Arts, Culture & Fun","Jun",2016,Jun 2016,20
"Arts, Culture & Fun","Jun",2017,Jun 2017,19
"Arts, Culture & Fun","Jun",2018,Jun 2018,16
"Arts, Culture & Fun","Jul",2014,Jul 2014,5
"Arts, Culture & Fun","Jul",2015,Jul 2015,11
"Arts, Culture & Fun","Jul",2016,Jul 2016,25
"Arts, Culture & Fun","Jul",2017,Jul 2017,14
"Arts, Culture & Fun","Jul",2018,Jul 2018,16
"Arts, Culture & Fun","Aug",2014,Aug 2014,6
"Arts, Culture & Fun","Aug",2015,Aug 2015,11
"Arts, Culture & Fun","Aug",2016,Aug 2016,22
"Arts, Culture & Fun","Aug",2017,Aug 2017,15
"Arts, Culture & Fun","Aug",2018,Aug 2018,13
"Arts, Culture & Fun","Sep",2014,Sep 2014,2
"Arts, Culture & Fun","Sep",2015,Sep 2015,2
"Arts, Culture & Fun","Sep",2016,Sep 2016,12
"Arts, Culture & Fun","Sep",2017,Sep 2017,10
"Arts, Culture & Fun","Sep",2018,Sep 2018,10
"Arts, Culture & Fun","Oct",2013,Oct 2013,3
"Arts, Culture & Fun","Oct",2014,Oct 2014,7
"Arts, Culture & Fun","Oct",2015,Oct 2015,9
"Arts, Culture & Fun","Oct",2016,Oct 2016,7
"Arts, Culture & Fun","Oct",2017,Oct 2017,12
"Arts, Culture & Fun","Oct",2018,Oct 2018,16
"Arts, Culture & Fun","Nov",2013,Nov 2013,6
"Arts, Culture & Fun","Nov",2014,Nov 2014,4
"Arts, Culture & Fun","Nov",2015,Nov 2015,6
"Arts, Culture & Fun","Nov",2016,Nov 2016,3
"Arts, Culture & Fun","Nov",2017,Nov 2017,7
"Arts, Culture & Fun","Nov",2018,Nov 2018,4
"Arts, Culture & Fun","Dec",2013,Dec 2013,1
"Arts, Culture & Fun","Dec",2014,Dec 2014,5
"Arts, Culture & Fun","Dec",2015,Dec 2015,8
"Arts, Culture & Fun","Dec",2016,Dec 2016,3
"Arts, Culture & Fun","Dec",2017,Dec 2017,3
"Arts, Culture & Fun","Dec",2018,Dec 2018,1
"Brooklyn Recreation","Jan",2014,Jan 2014,1
"Brooklyn Recreation","Jan",2015,Jan 2015,4
"Brooklyn Recreation","Jan",2016,Jan 2016,1
"Brooklyn Recreation","Feb",2014,Feb 2014,13
"Brooklyn Recreation","Feb",2015,Feb 2015,4
"Brooklyn Recreation","Feb",2016,Feb 2016,2
"Brooklyn Recreation","Feb",2018,Feb 2018,89
"Brooklyn Recreation","Mar",2013,Mar 2013,7
"Brooklyn Recreation","Mar",2014,Mar 2014,9
"Brooklyn Recreation","Mar",2016,Mar 2016,6
"Brooklyn Recreation","Mar",2017,Mar 2017,1
"Brooklyn Recreation","Mar",2018,Mar 2018,152
"Brooklyn Recreation","Apr",2013,Apr 2013,2
"Brooklyn Recreation","Apr",2014,Apr 2014,5
"Brooklyn Recreation","Apr",2016,Apr 2016,7
"Brooklyn Recreation","Apr",2017,Apr 2017,2
"Brooklyn Recreation","Apr",2018,Apr 2018,139
"Brooklyn Recreation","May",2013,May 2013,2
"Brooklyn Recreation","May",2014,May 2014,5
"Brooklyn Recreation","May",2016,May 2016,5
"Brooklyn Recreation","May",2017,May 2017,16
"Brooklyn Recreation","May",2018,May 2018,2
"Brooklyn Recreation","Jun",2013,Jun 2013,5
"Brooklyn Recreation","Jun",2014,Jun 2014,21
"Brooklyn Recreation","Jun",2015,Jun 2015,2
"Brooklyn Recreation","Jun",2016,Jun 2016,13
"Brooklyn Recreation","Jun",2017,Jun 2017,1
"Brooklyn Recreation","Jun",2018,Jun 2018,2
"Brooklyn Recreation","Jul",2013,Jul 2013,4
"Brooklyn Recreation","Jul",2014,Jul 2014,34
"Brooklyn Recreation","Jul",2015,Jul 2015,1
"Brooklyn Recreation","Jul",2018,Jul 2018,1
"Brooklyn Recreation","Aug",2013,Aug 2013,3
"Brooklyn Recreation","Aug",2014,Aug 2014,34
"Brooklyn Recreation","Aug",2017,Aug 2017,3
"Brooklyn Recreation","Aug",2018,Aug 2018,1
"Brooklyn Recreation","Sep",2013,Sep 2013,1
"Brooklyn Recreation","Sep",2014,Sep 2014,14
"Brooklyn Recreation","Sep",2016,Sep 2016,1
"Brooklyn Recreation","Sep",2017,Sep 2017,1
"Brooklyn Recreation","Sep",2018,Sep 2018,1
"Brooklyn Recreation","Oct",2013,Oct 2013,10
"Brooklyn Recreation","Oct",2014,Oct 2014,20
"Brooklyn Recreation","Oct",2015,Oct 2015,3
"Brooklyn Recreation","Nov",2013,Nov 2013,4
"Brooklyn Recreation","Nov",2014,Nov 2014,12
"Brooklyn Recreation","Nov",2015,Nov 2015,1
"Brooklyn Recreation","Dec",2013,Dec 2013,9
"Brooklyn Recreation","Dec",2014,Dec 2014,5
"Brooklyn Recreation","Dec",2015,Dec 2015,1
"Bryant Park Corp.","Jan",2013,Jan 2013,5
"Bryant Park Corp.","Jan",2015,Jan 2015,4
"Bryant Park Corp.","Jan",2016,Jan 2016,1
"Bryant Park Corp.","Jan",2017,Jan 2017,6
"Bryant Park Corp.","Jan",2018,Jan 2018,8
"Bryant Park Corp.","Feb",2013,Feb 2013,7
"Bryant Park Corp.","Feb",2016,Feb 2016,3
"Bryant Park Corp.","Feb",2017,Feb 2017,4
"Bryant Park Corp.","Feb",2018,Feb 2018,10
"Bryant Park Corp.","Mar",2013,Mar 2013,18
"Bryant Park Corp.","Mar",2014,Mar 2014,32
"Bryant Park Corp.","Mar",2018,Mar 2018,2
"Bryant Park Corp.","Apr",2013,Apr 2013,191
"Bryant Park Corp.","Apr",2014,Apr 2014,143
"Bryant Park Corp.","Apr",2015,Apr 2015,52
"Bryant Park Corp.","Apr",2016,Apr 2016,36
"Bryant Park Corp.","Apr",2017,Apr 2017,16
"Bryant Park Corp.","Apr",2018,Apr 2018,13
"Bryant Park Corp.","May",2013,May 2013,271
"Bryant Park Corp.","May",2014,May 2014,290
"Bryant Park Corp.","May",2015,May 2015,69
"Bryant Park Corp.","May",2016,May 2016,133
"Bryant Park Corp.","May",2017,May 2017,78
"Bryant Park Corp.","May",2018,May 2018,79
"Bryant Park Corp.","Jun",2013,Jun 2013,299
"Bryant Park Corp.","Jun",2014,Jun 2014,266
"Bryant Park Corp.","Jun",2015,Jun 2015,59
"Bryant Park Corp.","Jun",2016,Jun 2016,143
"Bryant Park Corp.","Jun",2017,Jun 2017,75
"Bryant Park Corp.","Jun",2018,Jun 2018,138
"Bryant Park Corp.","Jul",2013,Jul 2013,332
"Bryant Park Corp.","Jul",2014,Jul 2014,281
"Bryant Park Corp.","Jul",2015,Jul 2015,82
"Bryant Park Corp.","Jul",2016,Jul 2016,129
"Bryant Park Corp.","Jul",2017,Jul 2017,77
"Bryant Park Corp.","Jul",2018,Jul 2018,147
"Bryant Park Corp.","Aug",2013,Aug 2013,312
"Bryant Park Corp.","Aug",2014,Aug 2014,276
"Bryant Park Corp.","Aug",2015,Aug 2015,65
"Bryant Park Corp.","Aug",2016,Aug 2016,165
"Bryant Park Corp.","Aug",2017,Aug 2017,64
"Bryant Park Corp.","Aug",2018,Aug 2018,135
"Bryant Park Corp.","Sep",2013,Sep 2013,240
"Bryant Park Corp.","Sep",2014,Sep 2014,243
"Bryant Park Corp.","Sep",2015,Sep 2015,50
"Bryant Park Corp.","Sep",2016,Sep 2016,93
"Bryant Park Corp.","Sep",2017,Sep 2017,34
"Bryant Park Corp.","Sep",2018,Sep 2018,89
"Bryant Park Corp.","Oct",2013,Oct 2013,117
"Bryant Park Corp.","Oct",2014,Oct 2014,144
"Bryant Park Corp.","Oct",2015,Oct 2015,34
"Bryant Park Corp.","Oct",2016,Oct 2016,1
"Bryant Park Corp.","Oct",2017,Oct 2017,12
"Bryant Park Corp.","Oct",2018,Oct 2018,34
"Bryant Park Corp.","Nov",2014,Nov 2014,60
"Bryant Park Corp.","Nov",2017,Nov 2017,9
"Bryant Park Corp.","Nov",2018,Nov 2018,22
"Bryant Park Corp.","Dec",2014,Dec 2014,39
"Bryant Park Corp.","Dec",2015,Dec 2015,9
"Bryant Park Corp.","Dec",2016,Dec 2016,1
"Bryant Park Corp.","Dec",2017,Dec 2017,6
"Central Park Conservancy","Jan",2013,Jan 2013,93
"Central Park Conservancy","Jan",2014,Jan 2014,73
"Central Park Conservancy","Jan",2015,Jan 2015,32
"Central Park Conservancy","Jan",2016,Jan 2016,21
"Central Park Conservancy","Jan",2017,Jan 2017,21
"Central Park Conservancy","Jan",2018,Jan 2018,30
"Central Park Conservancy","Feb",2013,Feb 2013,86
"Central Park Conservancy","Feb",2014,Feb 2014,41
"Central Park Conservancy","Feb",2015,Feb 2015,32
"Central Park Conservancy","Feb",2016,Feb 2016,22
"Central Park Conservancy","Feb",2017,Feb 2017,20
"Central Park Conservancy","Feb",2018,Feb 2018,26
"Central Park Conservancy","Mar",2013,Mar 2013,102
"Central Park Conservancy","Mar",2014,Mar 2014,36
"Central Park Conservancy","Mar",2015,Mar 2015,37
"Central Park Conservancy","Mar",2016,Mar 2016,39
"Central Park Conservancy","Mar",2017,Mar 2017,43
"Central Park Conservancy","Mar",2018,Mar 2018,59
"Central Park Conservancy","Apr",2013,Apr 2013,73
"Central Park Conservancy","Apr",2014,Apr 2014,42
"Central Park Conservancy","Apr",2015,Apr 2015,47
"Central Park Conservancy","Apr",2016,Apr 2016,55
"Central Park Conservancy","Apr",2017,Apr 2017,71
"Central Park Conservancy","Apr",2018,Apr 2018,83
"Central Park Conservancy","May",2013,May 2013,95
"Central Park Conservancy","May",2014,May 2014,41
"Central Park Conservancy","May",2015,May 2015,60
"Central Park Conservancy","May",2016,May 2016,67
"Central Park Conservancy","May",2017,May 2017,50
"Central Park Conservancy","May",2018,May 2018,87
"Central Park Conservancy","Jun",2013,Jun 2013,35
"Central Park Conservancy","Jun",2014,Jun 2014,47
"Central Park Conservancy","Jun",2015,Jun 2015,55
"Central Park Conservancy","Jun",2016,Jun 2016,65
"Central Park Conservancy","Jun",2017,Jun 2017,58
"Central Park Conservancy","Jun",2018,Jun 2018,91
"Central Park Conservancy","Jul",2013,Jul 2013,69
"Central Park Conservancy","Jul",2014,Jul 2014,52
"Central Park Conservancy","Jul",2015,Jul 2015,57
"Central Park Conservancy","Jul",2016,Jul 2016,56
"Central Park Conservancy","Jul",2017,Jul 2017,57
"Central Park Conservancy","Jul",2018,Jul 2018,88
"Central Park Conservancy","Aug",2013,Aug 2013,79
"Central Park Conservancy","Aug",2014,Aug 2014,54
"Central Park Conservancy","Aug",2015,Aug 2015,60
"Central Park Conservancy","Aug",2016,Aug 2016,85
"Central Park Conservancy","Aug",2017,Aug 2017,53
"Central Park Conservancy","Aug",2018,Aug 2018,102
"Central Park Conservancy","Sep",2013,Sep 2013,82
"Central Park Conservancy","Sep",2014,Sep 2014,62
"Central Park Conservancy","Sep",2015,Sep 2015,50
"Central Park Conservancy","Sep",2016,Sep 2016,61
"Central Park Conservancy","Sep",2017,Sep 2017,48
"Central Park Conservancy","Sep",2018,Sep 2018,104
"Central Park Conservancy","Oct",2013,Oct 2013,71
"Central Park Conservancy","Oct",2014,Oct 2014,62
"Central Park Conservancy","Oct",2015,Oct 2015,53
"Central Park Conservancy","Oct",2016,Oct 2016,64
"Central Park Conservancy","Oct",2017,Oct 2017,53
"Central Park Conservancy","Oct",2018,Oct 2018,99
"Central Park Conservancy","Nov",2013,Nov 2013,68
"Central Park Conservancy","Nov",2014,Nov 2014,43
"Central Park Conservancy","Nov",2015,Nov 2015,36
"Central Park Conservancy","Nov",2016,Nov 2016,44
"Central Park Conservancy","Nov",2017,Nov 2017,45
"Central Park Conservancy","Nov",2018,Nov 2018,83
"Central Park Conservancy","Dec",2013,Dec 2013,51
"Central Park Conservancy","Dec",2014,Dec 2014,40
"Central Park Conservancy","Dec",2015,Dec 2015,28
"Central Park Conservancy","Dec",2016,Dec 2016,39
"Central Park Conservancy","Dec",2017,Dec 2017,46
"Central Park Conservancy","Dec",2018,Dec 2018,76
"City Parks Foundation","Jan",2016,Jan 2016,23
"City Parks Foundation","Feb",2016,Feb 2016,21
"City Parks Foundation","Mar",2016,Mar 2016,23
"City Parks Foundation","Apr",2013,Apr 2013,9
"City Parks Foundation","Apr",2014,Apr 2014,52
"City Parks Foundation","Apr",2016,Apr 2016,21
"City Parks Foundation","May",2013,May 2013,12
"City Parks Foundation","May",2014,May 2014,199
"City Parks Foundation","May",2016,May 2016,30
"City Parks Foundation","Jun",2013,Jun 2013,41
"City Parks Foundation","Jun",2014,Jun 2014,176
"City Parks Foundation","Jun",2016,Jun 2016,32
"City Parks Foundation","Jun",2017,Jun 2017,17
"City Parks Foundation","Jun",2018,Jun 2018,2
"City Parks Foundation","Jul",2013,Jul 2013,97
"City Parks Foundation","Jul",2014,Jul 2014,90
"City Parks Foundation","Jul",2015,Jul 2015,23
"City Parks Foundation","Jul",2016,Jul 2016,3
"City Parks Foundation","Jul",2017,Jul 2017,18
"City Parks Foundation","Jul",2018,Jul 2018,3
"City Parks Foundation","Aug",2013,Aug 2013,111
"City Parks Foundation","Aug",2014,Aug 2014,76
"City Parks Foundation","Aug",2015,Aug 2015,11
"City Parks Foundation","Aug",2016,Aug 2016,8
"City Parks Foundation","Aug",2017,Aug 2017,45
"City Parks Foundation","Aug",2018,Aug 2018,18
"City Parks Foundation","Sep",2013,Sep 2013,78
"City Parks Foundation","Sep",2014,Sep 2014,13
"City Parks Foundation","Sep",2015,Sep 2015,58
"City Parks Foundation","Sep",2016,Sep 2016,53
"City Parks Foundation","Sep",2017,Sep 2017,15
"City Parks Foundation","Sep",2018,Sep 2018,133
"City Parks Foundation","Oct",2013,Oct 2013,197
"City Parks Foundation","Oct",2014,Oct 2014,25
"City Parks Foundation","Oct",2015,Oct 2015,204
"City Parks Foundation","Oct",2016,Oct 2016,147
"City Parks Foundation","Oct",2017,Oct 2017,32
"City Parks Foundation","Oct",2018,Oct 2018,228
"City Parks Foundation","Nov",2013,Nov 2013,4
"City Parks Foundation","Nov",2015,Nov 2015,25
"City Parks Foundation","Nov",2016,Nov 2016,28
"City Parks Foundation","Nov",2017,Nov 2017,33
"City Parks Foundation","Nov",2018,Nov 2018,38
"City Parks Foundation","Dec",2015,Dec 2015,27
"City Parks Foundation","Dec",2017,Dec 2017,48
"City Parks Foundation","Dec",2018,Dec 2018,46
"Conference House Park","Jan",2015,Jan 2015,32
"Conference House Park","Jan",2016,Jan 2016,1
"Conference House Park","Jan",2017,Jan 2017,54
"Conference House Park","Jan",2018,Jan 2018,4
"Conference House Park","Feb",2015,Feb 2015,14
"Conference House Park","Feb",2016,Feb 2016,2
"Conference House Park","Feb",2017,Feb 2017,30
"Conference House Park","Feb",2018,Feb 2018,5
"Conference House Park","Mar",2014,Mar 2014,1
"Conference House Park","Mar",2015,Mar 2015,24
"Conference House Park","Mar",2017,Mar 2017,31
"Conference House Park","Mar",2018,Mar 2018,11
"Conference House Park","Apr",2014,Apr 2014,1
"Conference House Park","Apr",2015,Apr 2015,20
"Conference House Park","Apr",2016,Apr 2016,27
"Conference House Park","Apr",2017,Apr 2017,35
"Conference House Park","Apr",2018,Apr 2018,5
"Conference House Park","May",2015,May 2015,32
"Conference House Park","May",2016,May 2016,36
"Conference House Park","May",2017,May 2017,20
"Conference House Park","May",2018,May 2018,6
"Conference House Park","Jun",2014,Jun 2014,1
"Conference House Park","Jun",2015,Jun 2015,21
"Conference House Park","Jun",2016,Jun 2016,40
"Conference House Park","Jun",2017,Jun 2017,17
"Conference House Park","Jun",2018,Jun 2018,13
"Conference House Park","Jul",2014,Jul 2014,1
"Conference House Park","Jul",2015,Jul 2015,12
"Conference House Park","Jul",2016,Jul 2016,30
"Conference House Park","Jul",2017,Jul 2017,16
"Conference House Park","Jul",2018,Jul 2018,44
"Conference House Park","Aug",2014,Aug 2014,6
"Conference House Park","Aug",2015,Aug 2015,15
"Conference House Park","Aug",2016,Aug 2016,22
"Conference House Park","Aug",2017,Aug 2017,7
"Conference House Park","Aug",2018,Aug 2018,132
"Conference House Park","Sep",2015,Sep 2015,26
"Conference House Park","Sep",2016,Sep 2016,15
"Conference House Park","Sep",2017,Sep 2017,20
"Conference House Park","Sep",2018,Sep 2018,136
"Conference House Park","Oct",2014,Oct 2014,22
"Conference House Park","Oct",2015,Oct 2015,34
"Conference House Park","Oct",2016,Oct 2016,24
"Conference House Park","Oct",2017,Oct 2017,16
"Conference House Park","Oct",2018,Oct 2018,142
"Conference House Park","Nov",2014,Nov 2014,33
"Conference House Park","Nov",2015,Nov 2015,30
"Conference House Park","Nov",2016,Nov 2016,29
"Conference House Park","Nov",2018,Nov 2018,121
"Conference House Park","Dec",2014,Dec 2014,33
"Conference House Park","Dec",2015,Dec 2015,23
"Conference House Park","Dec",2016,Dec 2016,60
"Conference House Park","Dec",2017,Dec 2017,3
"Conference House Park","Dec",2018,Dec 2018,21
"Fort Tryon Park Trust","Jan",2013,Jan 2013,3
"Fort Tryon Park Trust","Jan",2014,Jan 2014,5
"Fort Tryon Park Trust","Jan",2015,Jan 2015,15
"Fort Tryon Park Trust","Jan",2016,Jan 2016,15
"Fort Tryon Park Trust","Jan",2017,Jan 2017,6
"Fort Tryon Park Trust","Jan",2018,Jan 2018,8
"Fort Tryon Park Trust","Feb",2013,Feb 2013,2
"Fort Tryon Park Trust","Feb",2014,Feb 2014,5
"Fort Tryon Park Trust","Feb",2015,Feb 2015,13
"Fort Tryon Park Trust","Feb",2016,Feb 2016,14
"Fort Tryon Park Trust","Feb",2017,Feb 2017,8
"Fort Tryon Park Trust","Feb",2018,Feb 2018,8
"Fort Tryon Park Trust","Mar",2013,Mar 2013,5
"Fort Tryon Park Trust","Mar",2014,Mar 2014,7
"Fort Tryon Park Trust","Mar",2015,Mar 2015,13
"Fort Tryon Park Trust","Mar",2016,Mar 2016,17
"Fort Tryon Park Trust","Mar",2017,Mar 2017,8
"Fort Tryon Park Trust","Mar",2018,Mar 2018,8
"Fort Tryon Park Trust","Apr",2013,Apr 2013,2
"Fort Tryon Park Trust","Apr",2014,Apr 2014,7
"Fort Tryon Park Trust","Apr",2015,Apr 2015,17
"Fort Tryon Park Trust","Apr",2016,Apr 2016,20
"Fort Tryon Park Trust","Apr",2017,Apr 2017,13
"Fort Tryon Park Trust","Apr",2018,Apr 2018,9
"Fort Tryon Park Trust","May",2013,May 2013,1
"Fort Tryon Park Trust","May",2014,May 2014,22
"Fort Tryon Park Trust","May",2015,May 2015,20
"Fort Tryon Park Trust","May",2016,May 2016,22
"Fort Tryon Park Trust","May",2017,May 2017,19
"Fort Tryon Park Trust","May",2018,May 2018,14
"Fort Tryon Park Trust","Jun",2013,Jun 2013,4
"Fort Tryon Park Trust","Jun",2014,Jun 2014,25
"Fort Tryon Park Trust","Jun",2015,Jun 2015,27
"Fort Tryon Park Trust","Jun",2016,Jun 2016,42
"Fort Tryon Park Trust","Jun",2017,Jun 2017,22
"Fort Tryon Park Trust","Jun",2018,Jun 2018,30
"Fort Tryon Park Trust","Jul",2013,Jul 2013,5
"Fort Tryon Park Trust","Jul",2014,Jul 2014,25
"Fort Tryon Park Trust","Jul",2015,Jul 2015,34
"Fort Tryon Park Trust","Jul",2016,Jul 2016,41
"Fort Tryon Park Trust","Jul",2017,Jul 2017,27
"Fort Tryon Park Trust","Jul",2018,Jul 2018,21
"Fort Tryon Park Trust","Aug",2013,Aug 2013,6
"Fort Tryon Park Trust","Aug",2014,Aug 2014,23
"Fort Tryon Park Trust","Aug",2015,Aug 2015,33
"Fort Tryon Park Trust","Aug",2016,Aug 2016,36
"Fort Tryon Park Trust","Aug",2017,Aug 2017,29
"Fort Tryon Park Trust","Aug",2018,Aug 2018,25
"Fort Tryon Park Trust","Sep",2013,Sep 2013,8
"Fort Tryon Park Trust","Sep",2014,Sep 2014,15
"Fort Tryon Park Trust","Sep",2015,Sep 2015,20
"Fort Tryon Park Trust","Sep",2016,Sep 2016,19
"Fort Tryon Park Trust","Sep",2017,Sep 2017,11
"Fort Tryon Park Trust","Sep",2018,Sep 2018,11
"Fort Tryon Park Trust","Oct",2013,Oct 2013,8
"Fort Tryon Park Trust","Oct",2014,Oct 2014,17
"Fort Tryon Park Trust","Oct",2015,Oct 2015,23
"Fort Tryon Park Trust","Oct",2016,Oct 2016,21
"Fort Tryon Park Trust","Oct",2017,Oct 2017,11
"Fort Tryon Park Trust","Oct",2018,Oct 2018,11
"Fort Tryon Park Trust","Nov",2013,Nov 2013,8
"Fort Tryon Park Trust","Nov",2014,Nov 2014,16
"Fort Tryon Park Trust","Nov",2015,Nov 2015,18
"Fort Tryon Park Trust","Nov",2016,Nov 2016,20
"Fort Tryon Park Trust","Nov",2017,Nov 2017,9
"Fort Tryon Park Trust","Nov",2018,Nov 2018,11
"Fort Tryon Park Trust","Dec",2014,Dec 2014,17
"Fort Tryon Park Trust","Dec",2015,Dec 2015,17
"Fort Tryon Park Trust","Dec",2016,Dec 2016,19
"Fort Tryon Park Trust","Dec",2017,Dec 2017,8
"Fort Tryon Park Trust","Dec",2018,Dec 2018,7
"GreenThumb","Jan",2013,Jan 2013,3
"GreenThumb","Jan",2014,Jan 2014,5
"GreenThumb","Jan",2015,Jan 2015,4
"GreenThumb","Jan",2016,Jan 2016,5
"GreenThumb","Jan",2017,Jan 2017,4
"GreenThumb","Jan",2018,Jan 2018,3
"GreenThumb","Feb",2013,Feb 2013,6
"GreenThumb","Feb",2014,Feb 2014,11
"GreenThumb","Feb",2015,Feb 2015,8
"GreenThumb","Feb",2016,Feb 2016,4
"GreenThumb","Feb",2017,Feb 2017,4
"GreenThumb","Feb",2018,Feb 2018,7
"GreenThumb","Mar",2013,Mar 2013,3
"GreenThumb","Mar",2014,Mar 2014,10
"GreenThumb","Mar",2015,Mar 2015,4
"GreenThumb","Mar",2016,Mar 2016,5
"GreenThumb","Mar",2017,Mar 2017,5
"GreenThumb","Mar",2018,Mar 2018,8
"GreenThumb","Apr",2013,Apr 2013,5
"GreenThumb","Apr",2014,Apr 2014,13
"GreenThumb","Apr",2015,Apr 2015,6
"GreenThumb","Apr",2016,Apr 2016,10
"GreenThumb","Apr",2017,Apr 2017,11
"GreenThumb","Apr",2018,Apr 2018,11
"GreenThumb","May",2013,May 2013,7
"GreenThumb","May",2014,May 2014,15
"GreenThumb","May",2015,May 2015,9
"GreenThumb","May",2016,May 2016,8
"GreenThumb","May",2017,May 2017,10
"GreenThumb","May",2018,May 2018,12
"GreenThumb","Jun",2013,Jun 2013,6
"GreenThumb","Jun",2014,Jun 2014,6
"GreenThumb","Jun",2015,Jun 2015,7
"GreenThumb","Jun",2016,Jun 2016,10
"GreenThumb","Jun",2017,Jun 2017,13
"GreenThumb","Jun",2018,Jun 2018,10
"GreenThumb","Jul",2013,Jul 2013,1
"GreenThumb","Jul",2014,Jul 2014,6
"GreenThumb","Jul",2015,Jul 2015,8
"GreenThumb","Jul",2016,Jul 2016,12
"GreenThumb","Jul",2017,Jul 2017,13
"GreenThumb","Jul",2018,Jul 2018,7
"GreenThumb","Aug",2013,Aug 2013,7
"GreenThumb","Aug",2014,Aug 2014,6
"GreenThumb","Aug",2015,Aug 2015,8
"GreenThumb","Aug",2016,Aug 2016,6
"GreenThumb","Aug",2017,Aug 2017,13
"GreenThumb","Aug",2018,Aug 2018,15
"GreenThumb","Sep",2013,Sep 2013,7
"GreenThumb","Sep",2014,Sep 2014,7
"GreenThumb","Sep",2015,Sep 2015,7
"GreenThumb","Sep",2016,Sep 2016,6
"GreenThumb","Sep",2017,Sep 2017,11
"GreenThumb","Sep",2018,Sep 2018,9
"GreenThumb","Oct",2013,Oct 2013,7
"GreenThumb","Oct",2014,Oct 2014,6
"GreenThumb","Oct",2015,Oct 2015,6
"GreenThumb","Oct",2016,Oct 2016,7
"GreenThumb","Oct",2017,Oct 2017,9
"GreenThumb","Oct",2018,Oct 2018,12
"GreenThumb","Nov",2013,Nov 2013,7
"GreenThumb","Nov",2014,Nov 2014,5
"GreenThumb","Nov",2015,Nov 2015,7
"GreenThumb","Nov",2016,Nov 2016,12
"GreenThumb","Nov",2017,Nov 2017,10
"GreenThumb","Nov",2018,Nov 2018,4
"GreenThumb","Dec",2013,Dec 2013,5
"GreenThumb","Dec",2014,Dec 2014,6
"GreenThumb","Dec",2015,Dec 2015,10
"GreenThumb","Dec",2016,Dec 2016,5
"GreenThumb","Dec",2017,Dec 2017,5
"GreenThumb","Dec",2018,Dec 2018,6
"King Manor Museum","Jan",2016,Jan 2016,5
"King Manor Museum","Feb",2013,Feb 2013,1
"King Manor Museum","Feb",2014,Feb 2014,1
"King Manor Museum","Feb",2015,Feb 2015,1
"King Manor Museum","Feb",2016,Feb 2016,2
"King Manor Museum","Feb",2017,Feb 2017,2
"King Manor Museum","Feb",2018,Feb 2018,1
"King Manor Museum","Mar",2013,Mar 2013,2
"King Manor Museum","Mar",2014,Mar 2014,3
"King Manor Museum","Mar",2015,Mar 2015,1
"King Manor Museum","Mar",2016,Mar 2016,2
"King Manor Museum","Mar",2017,Mar 2017,2
"King Manor Museum","Mar",2018,Mar 2018,2
"King Manor Museum","Apr",2013,Apr 2013,3
"King Manor Museum","Apr",2014,Apr 2014,2
"King Manor Museum","Apr",2015,Apr 2015,3
"King Manor Museum","Apr",2016,Apr 2016,4
"King Manor Museum","Apr",2017,Apr 2017,2
"King Manor Museum","Apr",2018,Apr 2018,2
"King Manor Museum","May",2013,May 2013,2
"King Manor Museum","May",2014,May 2014,1
"King Manor Museum","May",2015,May 2015,4
"King Manor Museum","May",2016,May 2016,1
"King Manor Museum","May",2017,May 2017,6
"King Manor Museum","May",2018,May 2018,4
"King Manor Museum","Jun",2013,Jun 2013,2
"King Manor Museum","Jun",2014,Jun 2014,2
"King Manor Museum","Jun",2015,Jun 2015,1
"King Manor Museum","Jun",2016,Jun 2016,4
"King Manor Museum","Jun",2017,Jun 2017,3
"King Manor Museum","Jun",2018,Jun 2018,1
"King Manor Museum","Jul",2013,Jul 2013,1
"King Manor Museum","Jul",2014,Jul 2014,1
"King Manor Museum","Jul",2015,Jul 2015,1
"King Manor Museum","Jul",2016,Jul 2016,3
"King Manor Museum","Jul",2017,Jul 2017,2
"King Manor Museum","Jul",2018,Jul 2018,1
"King Manor Museum","Aug",2013,Aug 2013,4
"King Manor Museum","Aug",2014,Aug 2014,4
"King Manor Museum","Aug",2015,Aug 2015,4
"King Manor Museum","Aug",2016,Aug 2016,1
"King Manor Museum","Aug",2017,Aug 2017,2
"King Manor Museum","Aug",2018,Aug 2018,2
"King Manor Museum","Sep",2013,Sep 2013,2
"King Manor Museum","Sep",2014,Sep 2014,2
"King Manor Museum","Sep",2015,Sep 2015,1
"King Manor Museum","Sep",2016,Sep 2016,10
"King Manor Museum","Sep",2017,Sep 2017,1
"King Manor Museum","Sep",2018,Sep 2018,2
"King Manor Museum","Oct",2013,Oct 2013,3
"King Manor Museum","Oct",2014,Oct 2014,3
"King Manor Museum","Oct",2015,Oct 2015,1
"King Manor Museum","Oct",2016,Oct 2016,3
"King Manor Museum","Oct",2017,Oct 2017,3
"King Manor Museum","Oct",2018,Oct 2018,3
"King Manor Museum","Nov",2013,Nov 2013,2
"King Manor Museum","Nov",2014,Nov 2014,1
"King Manor Museum","Nov",2016,Nov 2016,2
"King Manor Museum","Nov",2017,Nov 2017,1
"King Manor Museum","Nov",2018,Nov 2018,1
"King Manor Museum","Dec",2013,Dec 2013,2
"King Manor Museum","Dec",2014,Dec 2014,2
"King Manor Museum","Dec",2015,Dec 2015,3
"King Manor Museum","Dec",2016,Dec 2016,2
"King Manor Museum","Dec",2017,Dec 2017,2
"King Manor Museum","Dec",2018,Dec 2018,1
"Kingsland Homestead","Jan",2014,Jan 2014,1
"Kingsland Homestead","Jan",2015,Jan 2015,15
"Kingsland Homestead","Jan",2016,Jan 2016,14
"Kingsland Homestead","Jan",2017,Jan 2017,1
"Kingsland Homestead","Feb",2014,Feb 2014,1
"Kingsland Homestead","Feb",2015,Feb 2015,13
"Kingsland Homestead","Feb",2016,Feb 2016,12
"Kingsland Homestead","Feb",2017,Feb 2017,1
"Kingsland Homestead","Mar",2014,Mar 2014,4
"Kingsland Homestead","Mar",2015,Mar 2015,17
"Kingsland Homestead","Mar",2016,Mar 2016,13
"Kingsland Homestead","Mar",2017,Mar 2017,1
"Kingsland Homestead","Apr",2014,Apr 2014,1
"Kingsland Homestead","Apr",2015,Apr 2015,14
"Kingsland Homestead","Apr",2016,Apr 2016,13
"Kingsland Homestead","Apr",2018,Apr 2018,1
"Kingsland Homestead","May",2014,May 2014,1
"Kingsland Homestead","May",2015,May 2015,5
"Kingsland Homestead","May",2016,May 2016,16
"Kingsland Homestead","May",2017,May 2017,1
"Kingsland Homestead","May",2018,May 2018,2
"Kingsland Homestead","Jun",2014,Jun 2014,8
"Kingsland Homestead","Jun",2015,Jun 2015,5
"Kingsland Homestead","Jun",2016,Jun 2016,1
"Kingsland Homestead","Jun",2017,Jun 2017,1
"Kingsland Homestead","Jul",2014,Jul 2014,15
"Kingsland Homestead","Jul",2015,Jul 2015,14
"Kingsland Homestead","Jul",2016,Jul 2016,1
"Kingsland Homestead","Jul",2018,Jul 2018,1
"Kingsland Homestead","Aug",2014,Aug 2014,17
"Kingsland Homestead","Aug",2015,Aug 2015,16
"Kingsland Homestead","Aug",2016,Aug 2016,1
"Kingsland Homestead","Sep",2014,Sep 2014,15
"Kingsland Homestead","Sep",2015,Sep 2015,15
"Kingsland Homestead","Sep",2016,Sep 2016,1
"Kingsland Homestead","Sep",2018,Sep 2018,2
"Kingsland Homestead","Oct",2014,Oct 2014,14
"Kingsland Homestead","Oct",2015,Oct 2015,16
"Kingsland Homestead","Oct",2016,Oct 2016,3
"Kingsland Homestead","Oct",2017,Oct 2017,7
"Kingsland Homestead","Oct",2018,Oct 2018,2
"Kingsland Homestead","Nov",2014,Nov 2014,18
"Kingsland Homestead","Nov",2015,Nov 2015,14
"Kingsland Homestead","Nov",2016,Nov 2016,2
"Kingsland Homestead","Nov",2017,Nov 2017,1
"Kingsland Homestead","Nov",2018,Nov 2018,1
"Kingsland Homestead","Dec",2013,Dec 2013,2
"Kingsland Homestead","Dec",2014,Dec 2014,14
"Kingsland Homestead","Dec",2015,Dec 2015,13
"Kingsland Homestead","Dec",2017,Dec 2017,3
"Manhattan Recreation ","Jan",2014,Jan 2014,5
"Manhattan Recreation ","Jan",2015,Jan 2015,8
"Manhattan Recreation ","Jan",2017,Jan 2017,2
"Manhattan Recreation ","Feb",2013,Feb 2013,2
"Manhattan Recreation ","Feb",2014,Feb 2014,46
"Manhattan Recreation ","Feb",2015,Feb 2015,8
"Manhattan Recreation ","Feb",2016,Feb 2016,2
"Manhattan Recreation ","Feb",2017,Feb 2017,3
"Manhattan Recreation ","Mar",2013,Mar 2013,1
"Manhattan Recreation ","Mar",2014,Mar 2014,35
"Manhattan Recreation ","Mar",2015,Mar 2015,10
"Manhattan Recreation ","Mar",2016,Mar 2016,2
"Manhattan Recreation ","Mar",2017,Mar 2017,6
"Manhattan Recreation ","Apr",2013,Apr 2013,3
"Manhattan Recreation ","Apr",2014,Apr 2014,33
"Manhattan Recreation ","Apr",2015,Apr 2015,8
"Manhattan Recreation ","Apr",2016,Apr 2016,4
"Manhattan Recreation ","Apr",2017,Apr 2017,2
"Manhattan Recreation ","May",2013,May 2013,1
"Manhattan Recreation ","May",2014,May 2014,31
"Manhattan Recreation ","May",2015,May 2015,1
"Manhattan Recreation ","May",2016,May 2016,21
"Manhattan Recreation ","May",2017,May 2017,6
"Manhattan Recreation ","May",2018,May 2018,1
"Manhattan Recreation ","Jun",2013,Jun 2013,18
"Manhattan Recreation ","Jun",2014,Jun 2014,18
"Manhattan Recreation ","Jun",2016,Jun 2016,53
"Manhattan Recreation ","Jun",2017,Jun 2017,3
"Manhattan Recreation ","Jun",2018,Jun 2018,1
"Manhattan Recreation ","Jul",2014,Jul 2014,6
"Manhattan Recreation ","Jul",2016,Jul 2016,34
"Manhattan Recreation ","Jul",2017,Jul 2017,6
"Manhattan Recreation ","Aug",2013,Aug 2013,1
"Manhattan Recreation ","Aug",2014,Aug 2014,15
"Manhattan Recreation ","Aug",2016,Aug 2016,29
"Manhattan Recreation ","Aug",2017,Aug 2017,22
"Manhattan Recreation ","Sep",2013,Sep 2013,1
"Manhattan Recreation ","Sep",2014,Sep 2014,13
"Manhattan Recreation ","Sep",2016,Sep 2016,18
"Manhattan Recreation ","Sep",2017,Sep 2017,23
"Manhattan Recreation ","Oct",2013,Oct 2013,28
"Manhattan Recreation ","Oct",2014,Oct 2014,9
"Manhattan Recreation ","Oct",2016,Oct 2016,9
"Manhattan Recreation ","Oct",2017,Oct 2017,15
"Manhattan Recreation ","Nov",2014,Nov 2014,9
"Manhattan Recreation ","Nov",2016,Nov 2016,1
"Manhattan Recreation ","Dec",2014,Dec 2014,9
"Manhattan Recreation ","Dec",2015,Dec 2015,1
"Manhattan Recreation ","Dec",2016,Dec 2016,6
"Merchant's House Museum","Jan",2014,Jan 2014,1
"Merchant's House Museum","Jan",2015,Jan 2015,1
"Merchant's House Museum","Jan",2016,Jan 2016,5
"Merchant's House Museum","Jan",2017,Jan 2017,8
"Merchant's House Museum","Jan",2018,Jan 2018,2
"Merchant's House Museum","Feb",2014,Feb 2014,4
"Merchant's House Museum","Feb",2015,Feb 2015,4
"Merchant's House Museum","Feb",2016,Feb 2016,7
"Merchant's House Museum","Feb",2017,Feb 2017,8
"Merchant's House Museum","Feb",2018,Feb 2018,4
"Merchant's House Museum","Mar",2015,Mar 2015,26
"Merchant's House Museum","Mar",2016,Mar 2016,6
"Merchant's House Museum","Mar",2017,Mar 2017,9
"Merchant's House Museum","Mar",2018,Mar 2018,9
"Merchant's House Museum","Apr",2015,Apr 2015,5
"Merchant's House Museum","Apr",2016,Apr 2016,8
"Merchant's House Museum","Apr",2017,Apr 2017,8
"Merchant's House Museum","Apr",2018,Apr 2018,4
"Merchant's House Museum","May",2015,May 2015,9
"Merchant's House Museum","May",2016,May 2016,7
"Merchant's House Museum","May",2018,May 2018,28
"Merchant's House Museum","Jun",2015,Jun 2015,13
"Merchant's House Museum","Jun",2016,Jun 2016,12
"Merchant's House Museum","Jun",2017,Jun 2017,4
"Merchant's House Museum","Jun",2018,Jun 2018,32
"Merchant's House Museum","Jul",2015,Jul 2015,5
"Merchant's House Museum","Jul",2016,Jul 2016,6
"Merchant's House Museum","Jul",2017,Jul 2017,3
"Merchant's House Museum","Jul",2018,Jul 2018,26
"Merchant's House Museum","Aug",2015,Aug 2015,8
"Merchant's House Museum","Aug",2016,Aug 2016,5
"Merchant's House Museum","Aug",2018,Aug 2018,2
"Merchant's House Museum","Sep",2015,Sep 2015,10
"Merchant's House Museum","Sep",2016,Sep 2016,9
"Merchant's House Museum","Sep",2017,Sep 2017,3
"Merchant's House Museum","Sep",2018,Sep 2018,4
"Merchant's House Museum","Oct",2015,Oct 2015,17
"Merchant's House Museum","Oct",2016,Oct 2016,10
"Merchant's House Museum","Oct",2017,Oct 2017,33
"Merchant's House Museum","Oct",2018,Oct 2018,19
"Merchant's House Museum","Nov",2015,Nov 2015,6
"Merchant's House Museum","Nov",2016,Nov 2016,4
"Merchant's House Museum","Nov",2017,Nov 2017,1
"Merchant's House Museum","Nov",2018,Nov 2018,2
"Merchant's House Museum","Dec",2014,Dec 2014,1
"Merchant's House Museum","Dec",2015,Dec 2015,7
"Merchant's House Museum","Dec",2016,Dec 2016,27
"Morris-Jumel Mansion","Jan",2013,Jan 2013,3
"Morris-Jumel Mansion","Jan",2014,Jan 2014,3
"Morris-Jumel Mansion","Jan",2016,Jan 2016,16
"Morris-Jumel Mansion","Jan",2017,Jan 2017,4
"Morris-Jumel Mansion","Feb",2013,Feb 2013,3
"Morris-Jumel Mansion","Feb",2014,Feb 2014,3
"Morris-Jumel Mansion","Feb",2016,Feb 2016,17
"Morris-Jumel Mansion","Feb",2017,Feb 2017,6
"Morris-Jumel Mansion","Mar",2013,Mar 2013,2
"Morris-Jumel Mansion","Mar",2016,Mar 2016,11
"Morris-Jumel Mansion","Mar",2017,Mar 2017,3
"Morris-Jumel Mansion","Apr",2013,Apr 2013,3
"Morris-Jumel Mansion","Apr",2014,Apr 2014,5
"Morris-Jumel Mansion","Apr",2015,Apr 2015,3
"Morris-Jumel Mansion","Apr",2016,Apr 2016,10
"Morris-Jumel Mansion","Apr",2017,Apr 2017,3
"Morris-Jumel Mansion","Apr",2018,Apr 2018,1
"Morris-Jumel Mansion","May",2013,May 2013,4
"Morris-Jumel Mansion","May",2014,May 2014,2
"Morris-Jumel Mansion","May",2015,May 2015,18
"Morris-Jumel Mansion","May",2016,May 2016,7
"Morris-Jumel Mansion","May",2017,May 2017,2
"Morris-Jumel Mansion","May",2018,May 2018,1
"Morris-Jumel Mansion","Jun",2013,Jun 2013,1
"Morris-Jumel Mansion","Jun",2014,Jun 2014,3
"Morris-Jumel Mansion","Jun",2015,Jun 2015,15
"Morris-Jumel Mansion","Jun",2016,Jun 2016,6
"Morris-Jumel Mansion","Jun",2017,Jun 2017,3
"Morris-Jumel Mansion","Jun",2018,Jun 2018,9
"Morris-Jumel Mansion","Jul",2015,Jul 2015,20
"Morris-Jumel Mansion","Jul",2016,Jul 2016,13
"Morris-Jumel Mansion","Jul",2017,Jul 2017,4
"Morris-Jumel Mansion","Jul",2018,Jul 2018,57
"Morris-Jumel Mansion","Aug",2013,Aug 2013,3
"Morris-Jumel Mansion","Aug",2015,Aug 2015,14
"Morris-Jumel Mansion","Aug",2016,Aug 2016,11
"Morris-Jumel Mansion","Aug",2017,Aug 2017,7
"Morris-Jumel Mansion","Aug",2018,Aug 2018,49
"Morris-Jumel Mansion","Sep",2013,Sep 2013,1
"Morris-Jumel Mansion","Sep",2015,Sep 2015,11
"Morris-Jumel Mansion","Sep",2017,Sep 2017,1
"Morris-Jumel Mansion","Sep",2018,Sep 2018,20
"Morris-Jumel Mansion","Oct",2013,Oct 2013,4
"Morris-Jumel Mansion","Oct",2015,Oct 2015,25
"Morris-Jumel Mansion","Oct",2016,Oct 2016,13
"Morris-Jumel Mansion","Oct",2017,Oct 2017,2
"Morris-Jumel Mansion","Oct",2018,Oct 2018,15
"Morris-Jumel Mansion","Nov",2015,Nov 2015,15
"Morris-Jumel Mansion","Nov",2016,Nov 2016,5
"Morris-Jumel Mansion","Nov",2017,Nov 2017,2
"Morris-Jumel Mansion","Nov",2018,Nov 2018,13
"Morris-Jumel Mansion","Dec",2013,Dec 2013,2
"Morris-Jumel Mansion","Dec",2015,Dec 2015,11
"Morris-Jumel Mansion","Dec",2016,Dec 2016,7
"Morris-Jumel Mansion","Dec",2018,Dec 2018,5
"New York Restoration Project","Jan",2014,Jan 2014,2
"New York Restoration Project","Jan",2017,Jan 2017,3
"New York Restoration Project","Feb",2017,Feb 2017,4
"New York Restoration Project","Mar",2013,Mar 2013,1
"New York Restoration Project","Mar",2015,Mar 2015,1
"New York Restoration Project","Apr",2013,Apr 2013,10
"New York Restoration Project","Apr",2014,Apr 2014,7
"New York Restoration Project","Apr",2015,Apr 2015,8
"New York Restoration Project","Apr",2016,Apr 2016,16
"New York Restoration Project","Apr",2017,Apr 2017,4
"New York Restoration Project","Apr",2018,Apr 2018,3
"New York Restoration Project","May",2013,May 2013,14
"New York Restoration Project","May",2014,May 2014,13
"New York Restoration Project","May",2015,May 2015,9
"New York Restoration Project","May",2016,May 2016,12
"New York Restoration Project","May",2017,May 2017,3
"New York Restoration Project","May",2018,May 2018,1
"New York Restoration Project","Jun",2013,Jun 2013,19
"New York Restoration Project","Jun",2014,Jun 2014,16
"New York Restoration Project","Jun",2015,Jun 2015,40
"New York Restoration Project","Jun",2016,Jun 2016,48
"New York Restoration Project","Jun",2017,Jun 2017,37
"New York Restoration Project","Jun",2018,Jun 2018,19
"New York Restoration Project","Jul",2013,Jul 2013,19
"New York Restoration Project","Jul",2014,Jul 2014,34
"New York Restoration Project","Jul",2015,Jul 2015,40
"New York Restoration Project","Jul",2016,Jul 2016,50
"New York Restoration Project","Jul",2017,Jul 2017,41
"New York Restoration Project","Jul",2018,Jul 2018,24
"New York Restoration Project","Aug",2013,Aug 2013,21
"New York Restoration Project","Aug",2014,Aug 2014,37
"New York Restoration Project","Aug",2015,Aug 2015,44
"New York Restoration Project","Aug",2016,Aug 2016,51
"New York Restoration Project","Aug",2017,Aug 2017,43
"New York Restoration Project","Aug",2018,Aug 2018,33
"New York Restoration Project","Sep",2013,Sep 2013,22
"New York Restoration Project","Sep",2014,Sep 2014,19
"New York Restoration Project","Sep",2015,Sep 2015,28
"New York Restoration Project","Sep",2016,Sep 2016,26
"New York Restoration Project","Sep",2017,Sep 2017,68
"New York Restoration Project","Sep",2018,Sep 2018,20
"New York Restoration Project","Oct",2013,Oct 2013,11
"New York Restoration Project","Oct",2014,Oct 2014,14
"New York Restoration Project","Oct",2015,Oct 2015,7
"New York Restoration Project","Oct",2016,Oct 2016,15
"New York Restoration Project","Oct",2017,Oct 2017,62
"New York Restoration Project","Oct",2018,Oct 2018,17
"New York Restoration Project","Nov",2013,Nov 2013,5
"New York Restoration Project","Nov",2014,Nov 2014,2
"New York Restoration Project","Nov",2015,Nov 2015,2
"New York Restoration Project","Nov",2016,Nov 2016,10
"New York Restoration Project","Dec",2013,Dec 2013,4
"Northern Manhattan Parks","Jan",2013,Jan 2013,9
"Northern Manhattan Parks","Jan",2014,Jan 2014,6
"Northern Manhattan Parks","Jan",2015,Jan 2015,15
"Northern Manhattan Parks","Jan",2016,Jan 2016,15
"Northern Manhattan Parks","Jan",2017,Jan 2017,16
"Northern Manhattan Parks","Jan",2018,Jan 2018,19
"Northern Manhattan Parks","Feb",2013,Feb 2013,12
"Northern Manhattan Parks","Feb",2014,Feb 2014,6
"Northern Manhattan Parks","Feb",2015,Feb 2015,13
"Northern Manhattan Parks","Feb",2016,Feb 2016,16
"Northern Manhattan Parks","Feb",2017,Feb 2017,16
"Northern Manhattan Parks","Feb",2018,Feb 2018,17
"Northern Manhattan Parks","Mar",2013,Mar 2013,15
"Northern Manhattan Parks","Mar",2014,Mar 2014,7
"Northern Manhattan Parks","Mar",2015,Mar 2015,13
"Northern Manhattan Parks","Mar",2016,Mar 2016,18
"Northern Manhattan Parks","Mar",2017,Mar 2017,17
"Northern Manhattan Parks","Mar",2018,Mar 2018,19
"Northern Manhattan Parks","Apr",2013,Apr 2013,14
"Northern Manhattan Parks","Apr",2014,Apr 2014,7
"Northern Manhattan Parks","Apr",2015,Apr 2015,15
"Northern Manhattan Parks","Apr",2016,Apr 2016,20
"Northern Manhattan Parks","Apr",2017,Apr 2017,22
"Northern Manhattan Parks","Apr",2018,Apr 2018,19
"Northern Manhattan Parks","May",2013,May 2013,15
"Northern Manhattan Parks","May",2014,May 2014,27
"Northern Manhattan Parks","May",2015,May 2015,20
"Northern Manhattan Parks","May",2016,May 2016,26
"Northern Manhattan Parks","May",2017,May 2017,32
"Northern Manhattan Parks","May",2018,May 2018,34
"Northern Manhattan Parks","Jun",2013,Jun 2013,28
"Northern Manhattan Parks","Jun",2014,Jun 2014,25
"Northern Manhattan Parks","Jun",2015,Jun 2015,54
"Northern Manhattan Parks","Jun",2016,Jun 2016,72
"Northern Manhattan Parks","Jun",2017,Jun 2017,64
"Northern Manhattan Parks","Jun",2018,Jun 2018,70
"Northern Manhattan Parks","Jul",2013,Jul 2013,40
"Northern Manhattan Parks","Jul",2014,Jul 2014,23
"Northern Manhattan Parks","Jul",2015,Jul 2015,63
"Northern Manhattan Parks","Jul",2016,Jul 2016,47
"Northern Manhattan Parks","Jul",2017,Jul 2017,59
"Northern Manhattan Parks","Jul",2018,Jul 2018,63
"Northern Manhattan Parks","Aug",2013,Aug 2013,27
"Northern Manhattan Parks","Aug",2014,Aug 2014,24
"Northern Manhattan Parks","Aug",2015,Aug 2015,51
"Northern Manhattan Parks","Aug",2016,Aug 2016,45
"Northern Manhattan Parks","Aug",2017,Aug 2017,61
"Northern Manhattan Parks","Aug",2018,Aug 2018,62
"Northern Manhattan Parks","Sep",2013,Sep 2013,11
"Northern Manhattan Parks","Sep",2014,Sep 2014,15
"Northern Manhattan Parks","Sep",2015,Sep 2015,18
"Northern Manhattan Parks","Sep",2016,Sep 2016,20
"Northern Manhattan Parks","Sep",2017,Sep 2017,19
"Northern Manhattan Parks","Sep",2018,Sep 2018,22
"Northern Manhattan Parks","Oct",2013,Oct 2013,8
"Northern Manhattan Parks","Oct",2014,Oct 2014,14
"Northern Manhattan Parks","Oct",2015,Oct 2015,26
"Northern Manhattan Parks","Oct",2016,Oct 2016,21
"Northern Manhattan Parks","Oct",2017,Oct 2017,21
"Northern Manhattan Parks","Oct",2018,Oct 2018,25
"Northern Manhattan Parks","Nov",2013,Nov 2013,10
"Northern Manhattan Parks","Nov",2014,Nov 2014,14
"Northern Manhattan Parks","Nov",2015,Nov 2015,18
"Northern Manhattan Parks","Nov",2016,Nov 2016,20
"Northern Manhattan Parks","Nov",2017,Nov 2017,19
"Northern Manhattan Parks","Nov",2018,Nov 2018,23
"Northern Manhattan Parks","Dec",2014,Dec 2014,16
"Northern Manhattan Parks","Dec",2015,Dec 2015,17
"Northern Manhattan Parks","Dec",2016,Dec 2016,19
"Northern Manhattan Parks","Dec",2017,Dec 2017,19
"Northern Manhattan Parks","Dec",2018,Dec 2018,17
"NYC Parks","Jan",2014,Jan 2014,8
"NYC Parks","Jan",2015,Jan 2015,1
"NYC Parks","Jan",2016,Jan 2016,7
"NYC Parks","Jan",2017,Jan 2017,9
"NYC Parks","Jan",2018,Jan 2018,15
"NYC Parks","Feb",2013,Feb 2013,26
"NYC Parks","Feb",2014,Feb 2014,43
"NYC Parks","Feb",2016,Feb 2016,8
"NYC Parks","Feb",2017,Feb 2017,9
"NYC Parks","Feb",2018,Feb 2018,10
"NYC Parks","Mar",2014,Mar 2014,1
"NYC Parks","Mar",2016,Mar 2016,10
"NYC Parks","Mar",2017,Mar 2017,10
"NYC Parks","Mar",2018,Mar 2018,10
"NYC Parks","Apr",2013,Apr 2013,19
"NYC Parks","Apr",2014,Apr 2014,1
"NYC Parks","Apr",2015,Apr 2015,26
"NYC Parks","Apr",2016,Apr 2016,12
"NYC Parks","Apr",2017,Apr 2017,13
"NYC Parks","Apr",2018,Apr 2018,16
"NYC Parks","May",2013,May 2013,62
"NYC Parks","May",2014,May 2014,24
"NYC Parks","May",2015,May 2015,194
"NYC Parks","May",2016,May 2016,72
"NYC Parks","May",2017,May 2017,13
"NYC Parks","May",2018,May 2018,34
"NYC Parks","Jun",2013,Jun 2013,47
"NYC Parks","Jun",2014,Jun 2014,5
"NYC Parks","Jun",2015,Jun 2015,217
"NYC Parks","Jun",2016,Jun 2016,101
"NYC Parks","Jun",2017,Jun 2017,60
"NYC Parks","Jun",2018,Jun 2018,54
"NYC Parks","Jul",2013,Jul 2013,21
"NYC Parks","Jul",2014,Jul 2014,40
"NYC Parks","Jul",2015,Jul 2015,261
"NYC Parks","Jul",2016,Jul 2016,96
"NYC Parks","Jul",2017,Jul 2017,54
"NYC Parks","Jul",2018,Jul 2018,41
"NYC Parks","Aug",2013,Aug 2013,24
"NYC Parks","Aug",2014,Aug 2014,78
"NYC Parks","Aug",2015,Aug 2015,257
"NYC Parks","Aug",2016,Aug 2016,111
"NYC Parks","Aug",2017,Aug 2017,59
"NYC Parks","Aug",2018,Aug 2018,38
"NYC Parks","Sep",2013,Sep 2013,4
"NYC Parks","Sep",2014,Sep 2014,2
"NYC Parks","Sep",2015,Sep 2015,129
"NYC Parks","Sep",2016,Sep 2016,79
"NYC Parks","Sep",2017,Sep 2017,30
"NYC Parks","Sep",2018,Sep 2018,31
"NYC Parks","Oct",2013,Oct 2013,4
"NYC Parks","Oct",2014,Oct 2014,1
"NYC Parks","Oct",2015,Oct 2015,87
"NYC Parks","Oct",2016,Oct 2016,44
"NYC Parks","Oct",2017,Oct 2017,28
"NYC Parks","Oct",2018,Oct 2018,36
"NYC Parks","Nov",2015,Nov 2015,21
"NYC Parks","Nov",2016,Nov 2016,16
"NYC Parks","Nov",2017,Nov 2017,13
"NYC Parks","Nov",2018,Nov 2018,17
"NYC Parks","Dec",2013,Dec 2013,1
"NYC Parks","Dec",2016,Dec 2016,9
"NYC Parks","Dec",2017,Dec 2017,11
"NYC Parks","Dec",2018,Dec 2018,17
"NYC Parks: Bronx Recreation","Jan",2015,Jan 2015,1
"NYC Parks: Bronx Recreation","Jan",2017,Jan 2017,11
"NYC Parks: Bronx Recreation","Jan",2018,Jan 2018,6
"NYC Parks: Bronx Recreation","Feb",2015,Feb 2015,1
"NYC Parks: Bronx Recreation","Feb",2016,Feb 2016,1
"NYC Parks: Bronx Recreation","Feb",2017,Feb 2017,13
"NYC Parks: Bronx Recreation","Feb",2018,Feb 2018,14
"NYC Parks: Bronx Recreation","Mar",2017,Mar 2017,9
"NYC Parks: Bronx Recreation","Mar",2018,Mar 2018,7
"NYC Parks: Bronx Recreation","Apr",2015,Apr 2015,5
"NYC Parks: Bronx Recreation","Apr",2017,Apr 2017,4
"NYC Parks: Bronx Recreation","Apr",2018,Apr 2018,1
"NYC Parks: Bronx Recreation","May",2015,May 2015,1
"NYC Parks: Bronx Recreation","May",2016,May 2016,9
"NYC Parks: Bronx Recreation","May",2017,May 2017,7
"NYC Parks: Bronx Recreation","May",2018,May 2018,24
"NYC Parks: Bronx Recreation","Jun",2015,Jun 2015,2
"NYC Parks: Bronx Recreation","Jun",2016,Jun 2016,24
"NYC Parks: Bronx Recreation","Jun",2017,Jun 2017,16
"NYC Parks: Bronx Recreation","Jun",2018,Jun 2018,30
"NYC Parks: Bronx Recreation","Jul",2015,Jul 2015,90
"NYC Parks: Bronx Recreation","Jul",2016,Jul 2016,39
"NYC Parks: Bronx Recreation","Jul",2017,Jul 2017,29
"NYC Parks: Bronx Recreation","Jul",2018,Jul 2018,74
"NYC Parks: Bronx Recreation","Aug",2015,Aug 2015,165
"NYC Parks: Bronx Recreation","Aug",2016,Aug 2016,67
"NYC Parks: Bronx Recreation","Aug",2017,Aug 2017,42
"NYC Parks: Bronx Recreation","Aug",2018,Aug 2018,45
"NYC Parks: Bronx Recreation","Sep",2015,Sep 2015,34
"NYC Parks: Bronx Recreation","Sep",2016,Sep 2016,74
"NYC Parks: Bronx Recreation","Sep",2017,Sep 2017,19
"NYC Parks: Bronx Recreation","Sep",2018,Sep 2018,13
"NYC Parks: Bronx Recreation","Oct",2015,Oct 2015,1
"NYC Parks: Bronx Recreation","Oct",2016,Oct 2016,50
"NYC Parks: Bronx Recreation","Oct",2017,Oct 2017,24
"NYC Parks: Bronx Recreation","Oct",2018,Oct 2018,17
"NYC Parks: Bronx Recreation","Nov",2014,Nov 2014,1
"NYC Parks: Bronx Recreation","Nov",2015,Nov 2015,1
"NYC Parks: Bronx Recreation","Nov",2016,Nov 2016,66
"NYC Parks: Bronx Recreation","Nov",2017,Nov 2017,14
"NYC Parks: Bronx Recreation","Nov",2018,Nov 2018,7
"NYC Parks: Bronx Recreation","Dec",2014,Dec 2014,4
"NYC Parks: Bronx Recreation","Dec",2016,Dec 2016,49
"NYC Parks: Bronx Recreation","Dec",2017,Dec 2017,6
"NYC Parks: Bronx Recreation","Dec",2018,Dec 2018,5
"Partnerships for Parks","Jan",2013,Jan 2013,6
"Partnerships for Parks","Jan",2014,Jan 2014,6
"Partnerships for Parks","Jan",2015,Jan 2015,2
"Partnerships for Parks","Jan",2016,Jan 2016,1
"Partnerships for Parks","Jan",2018,Jan 2018,9
"Partnerships for Parks","Feb",2016,Feb 2016,3
"Partnerships for Parks","Feb",2017,Feb 2017,3
"Partnerships for Parks","Feb",2018,Feb 2018,13
"Partnerships for Parks","Mar",2013,Mar 2013,4
"Partnerships for Parks","Mar",2015,Mar 2015,1
"Partnerships for Parks","Mar",2016,Mar 2016,2
"Partnerships for Parks","Mar",2017,Mar 2017,11
"Partnerships for Parks","Mar",2018,Mar 2018,7
"Partnerships for Parks","Apr",2013,Apr 2013,1
"Partnerships for Parks","Apr",2014,Apr 2014,6
"Partnerships for Parks","Apr",2015,Apr 2015,7
"Partnerships for Parks","Apr",2016,Apr 2016,17
"Partnerships for Parks","Apr",2017,Apr 2017,4
"Partnerships for Parks","Apr",2018,Apr 2018,9
"Partnerships for Parks","May",2013,May 2013,112
"Partnerships for Parks","May",2014,May 2014,34
"Partnerships for Parks","May",2015,May 2015,23
"Partnerships for Parks","May",2016,May 2016,42
"Partnerships for Parks","May",2017,May 2017,7
"Partnerships for Parks","May",2018,May 2018,23
"Partnerships for Parks","Jun",2013,Jun 2013,18
"Partnerships for Parks","Jun",2014,Jun 2014,7
"Partnerships for Parks","Jun",2015,Jun 2015,22
"Partnerships for Parks","Jun",2016,Jun 2016,13
"Partnerships for Parks","Jun",2017,Jun 2017,4
"Partnerships for Parks","Jun",2018,Jun 2018,20
"Partnerships for Parks","Jul",2013,Jul 2013,7
"Partnerships for Parks","Jul",2014,Jul 2014,9
"Partnerships for Parks","Jul",2015,Jul 2015,17
"Partnerships for Parks","Jul",2016,Jul 2016,6
"Partnerships for Parks","Jul",2017,Jul 2017,3
"Partnerships for Parks","Jul",2018,Jul 2018,11
"Partnerships for Parks","Aug",2013,Aug 2013,2
"Partnerships for Parks","Aug",2014,Aug 2014,8
"Partnerships for Parks","Aug",2015,Aug 2015,24
"Partnerships for Parks","Aug",2016,Aug 2016,12
"Partnerships for Parks","Aug",2017,Aug 2017,6
"Partnerships for Parks","Aug",2018,Aug 2018,15
"Partnerships for Parks","Sep",2013,Sep 2013,1
"Partnerships for Parks","Sep",2014,Sep 2014,15
"Partnerships for Parks","Sep",2015,Sep 2015,29
"Partnerships for Parks","Sep",2016,Sep 2016,2
"Partnerships for Parks","Sep",2017,Sep 2017,4
"Partnerships for Parks","Sep",2018,Sep 2018,18
"Partnerships for Parks","Oct",2013,Oct 2013,10
"Partnerships for Parks","Oct",2014,Oct 2014,17
"Partnerships for Parks","Oct",2015,Oct 2015,54
"Partnerships for Parks","Oct",2016,Oct 2016,9
"Partnerships for Parks","Oct",2017,Oct 2017,16
"Partnerships for Parks","Oct",2018,Oct 2018,16
"Partnerships for Parks","Nov",2013,Nov 2013,4
"Partnerships for Parks","Nov",2014,Nov 2014,9
"Partnerships for Parks","Nov",2015,Nov 2015,21
"Partnerships for Parks","Nov",2016,Nov 2016,6
"Partnerships for Parks","Nov",2017,Nov 2017,21
"Partnerships for Parks","Nov",2018,Nov 2018,6
"Partnerships for Parks","Dec",2013,Dec 2013,1
"Partnerships for Parks","Dec",2014,Dec 2014,11
"Partnerships for Parks","Dec",2015,Dec 2015,22
"Partnerships for Parks","Dec",2016,Dec 2016,6
"Partnerships for Parks","Dec",2017,Dec 2017,10
"Partnerships for Parks","Dec",2018,Dec 2018,2
"Poe Visitor Center","Jan",2013,Jan 2013,23
"Poe Visitor Center","Jan",2014,Jan 2014,21
"Poe Visitor Center","Jan",2015,Jan 2015,73
"Poe Visitor Center","Jan",2016,Jan 2016,59
"Poe Visitor Center","Jan",2017,Jan 2017,80
"Poe Visitor Center","Jan",2018,Jan 2018,117
"Poe Visitor Center","Feb",2013,Feb 2013,10
"Poe Visitor Center","Feb",2014,Feb 2014,27
"Poe Visitor Center","Feb",2015,Feb 2015,52
"Poe Visitor Center","Feb",2016,Feb 2016,42
"Poe Visitor Center","Feb",2017,Feb 2017,67
"Poe Visitor Center","Feb",2018,Feb 2018,80
"Poe Visitor Center","Mar",2013,Mar 2013,27
"Poe Visitor Center","Mar",2014,Mar 2014,49
"Poe Visitor Center","Mar",2015,Mar 2015,38
"Poe Visitor Center","Mar",2016,Mar 2016,63
"Poe Visitor Center","Mar",2017,Mar 2017,55
"Poe Visitor Center","Mar",2018,Mar 2018,96
"Poe Visitor Center","Apr",2013,Apr 2013,6
"Poe Visitor Center","Apr",2014,Apr 2014,45
"Poe Visitor Center","Apr",2015,Apr 2015,53
"Poe Visitor Center","Apr",2016,Apr 2016,60
"Poe Visitor Center","Apr",2017,Apr 2017,65
"Poe Visitor Center","Apr",2018,Apr 2018,68
"Poe Visitor Center","May",2013,May 2013,30
"Poe Visitor Center","May",2014,May 2014,50
"Poe Visitor Center","May",2015,May 2015,52
"Poe Visitor Center","May",2016,May 2016,53
"Poe Visitor Center","May",2017,May 2017,66
"Poe Visitor Center","May",2018,May 2018,84
"Poe Visitor Center","Jun",2013,Jun 2013,47
"Poe Visitor Center","Jun",2014,Jun 2014,65
"Poe Visitor Center","Jun",2015,Jun 2015,66
"Poe Visitor Center","Jun",2016,Jun 2016,36
"Poe Visitor Center","Jun",2017,Jun 2017,76
"Poe Visitor Center","Jun",2018,Jun 2018,88
"Poe Visitor Center","Jul",2013,Jul 2013,65
"Poe Visitor Center","Jul",2014,Jul 2014,94
"Poe Visitor Center","Jul",2015,Jul 2015,53
"Poe Visitor Center","Jul",2016,Jul 2016,59
"Poe Visitor Center","Jul",2017,Jul 2017,85
"Poe Visitor Center","Jul",2018,Jul 2018,35
"Poe Visitor Center","Aug",2013,Aug 2013,55
"Poe Visitor Center","Aug",2014,Aug 2014,76
"Poe Visitor Center","Aug",2015,Aug 2015,62
"Poe Visitor Center","Aug",2016,Aug 2016,48
"Poe Visitor Center","Aug",2017,Aug 2017,84
"Poe Visitor Center","Aug",2018,Aug 2018,47
"Poe Visitor Center","Sep",2013,Sep 2013,66
"Poe Visitor Center","Sep",2014,Sep 2014,58
"Poe Visitor Center","Sep",2015,Sep 2015,45
"Poe Visitor Center","Sep",2016,Sep 2016,80
"Poe Visitor Center","Sep",2017,Sep 2017,92
"Poe Visitor Center","Sep",2018,Sep 2018,47
"Poe Visitor Center","Oct",2013,Oct 2013,37
"Poe Visitor Center","Oct",2014,Oct 2014,82
"Poe Visitor Center","Oct",2015,Oct 2015,26
"Poe Visitor Center","Oct",2016,Oct 2016,48
"Poe Visitor Center","Oct",2017,Oct 2017,86
"Poe Visitor Center","Oct",2018,Oct 2018,83
"Poe Visitor Center","Nov",2013,Nov 2013,25
"Poe Visitor Center","Nov",2014,Nov 2014,74
"Poe Visitor Center","Nov",2015,Nov 2015,46
"Poe Visitor Center","Nov",2016,Nov 2016,52
"Poe Visitor Center","Nov",2017,Nov 2017,78
"Poe Visitor Center","Nov",2018,Nov 2018,52
"Poe Visitor Center","Dec",2013,Dec 2013,24
"Poe Visitor Center","Dec",2014,Dec 2014,81
"Poe Visitor Center","Dec",2015,Dec 2015,52
"Poe Visitor Center","Dec",2016,Dec 2016,90
"Poe Visitor Center","Dec",2017,Dec 2017,87
"Poe Visitor Center","Dec",2018,Dec 2018,53
"Prospect Park Alliance","Jan",2013,Jan 2013,1
"Prospect Park Alliance","Jan",2014,Jan 2014,29
"Prospect Park Alliance","Jan",2015,Jan 2015,21
"Prospect Park Alliance","Jan",2017,Jan 2017,4
"Prospect Park Alliance","Jan",2018,Jan 2018,1
"Prospect Park Alliance","Feb",2013,Feb 2013,6
"Prospect Park Alliance","Feb",2014,Feb 2014,26
"Prospect Park Alliance","Feb",2015,Feb 2015,17
"Prospect Park Alliance","Feb",2016,Feb 2016,5
"Prospect Park Alliance","Feb",2017,Feb 2017,6
"Prospect Park Alliance","Feb",2018,Feb 2018,1
"Prospect Park Alliance","Mar",2014,Mar 2014,33
"Prospect Park Alliance","Mar",2015,Mar 2015,14
"Prospect Park Alliance","Mar",2016,Mar 2016,19
"Prospect Park Alliance","Apr",2013,Apr 2013,59
"Prospect Park Alliance","Apr",2014,Apr 2014,62
"Prospect Park Alliance","Apr",2015,Apr 2015,63
"Prospect Park Alliance","Apr",2016,Apr 2016,92
"Prospect Park Alliance","Apr",2017,Apr 2017,3
"Prospect Park Alliance","Apr",2018,Apr 2018,17
"Prospect Park Alliance","May",2013,May 2013,69
"Prospect Park Alliance","May",2014,May 2014,93
"Prospect Park Alliance","May",2015,May 2015,62
"Prospect Park Alliance","May",2016,May 2016,75
"Prospect Park Alliance","May",2018,May 2018,8
"Prospect Park Alliance","Jun",2013,Jun 2013,99
"Prospect Park Alliance","Jun",2014,Jun 2014,71
"Prospect Park Alliance","Jun",2015,Jun 2015,49
"Prospect Park Alliance","Jun",2016,Jun 2016,39
"Prospect Park Alliance","Jun",2017,Jun 2017,27
"Prospect Park Alliance","Jun",2018,Jun 2018,23
"Prospect Park Alliance","Jul",2013,Jul 2013,86
"Prospect Park Alliance","Jul",2014,Jul 2014,17
"Prospect Park Alliance","Jul",2015,Jul 2015,58
"Prospect Park Alliance","Jul",2016,Jul 2016,17
"Prospect Park Alliance","Jul",2017,Jul 2017,69
"Prospect Park Alliance","Jul",2018,Jul 2018,44
"Prospect Park Alliance","Aug",2013,Aug 2013,99
"Prospect Park Alliance","Aug",2014,Aug 2014,57
"Prospect Park Alliance","Aug",2015,Aug 2015,21
"Prospect Park Alliance","Aug",2016,Aug 2016,18
"Prospect Park Alliance","Aug",2017,Aug 2017,52
"Prospect Park Alliance","Aug",2018,Aug 2018,42
"Prospect Park Alliance","Sep",2013,Sep 2013,28
"Prospect Park Alliance","Sep",2014,Sep 2014,6
"Prospect Park Alliance","Sep",2015,Sep 2015,51
"Prospect Park Alliance","Sep",2016,Sep 2016,18
"Prospect Park Alliance","Sep",2017,Sep 2017,21
"Prospect Park Alliance","Sep",2018,Sep 2018,6
"Prospect Park Alliance","Oct",2013,Oct 2013,27
"Prospect Park Alliance","Oct",2014,Oct 2014,61
"Prospect Park Alliance","Oct",2015,Oct 2015,60
"Prospect Park Alliance","Oct",2016,Oct 2016,19
"Prospect Park Alliance","Oct",2017,Oct 2017,11
"Prospect Park Alliance","Oct",2018,Oct 2018,6
"Prospect Park Alliance","Nov",2013,Nov 2013,69
"Prospect Park Alliance","Nov",2014,Nov 2014,48
"Prospect Park Alliance","Nov",2015,Nov 2015,27
"Prospect Park Alliance","Nov",2016,Nov 2016,21
"Prospect Park Alliance","Nov",2017,Nov 2017,1
"Prospect Park Alliance","Nov",2018,Nov 2018,2
"Prospect Park Alliance","Dec",2013,Dec 2013,63
"Prospect Park Alliance","Dec",2014,Dec 2014,6
"Prospect Park Alliance","Dec",2015,Dec 2015,13
"Prospect Park Alliance","Dec",2016,Dec 2016,26
"Prospect Park Alliance","Dec",2017,Dec 2017,1
"Queens Botanical Garden","Jan",2013,Jan 2013,8
"Queens Botanical Garden","Jan",2014,Jan 2014,29
"Queens Botanical Garden","Jan",2015,Jan 2015,31
"Queens Botanical Garden","Jan",2016,Jan 2016,1
"Queens Botanical Garden","Jan",2017,Jan 2017,6
"Queens Botanical Garden","Jan",2018,Jan 2018,13
"Queens Botanical Garden","Feb",2013,Feb 2013,31
"Queens Botanical Garden","Feb",2014,Feb 2014,29
"Queens Botanical Garden","Feb",2015,Feb 2015,34
"Queens Botanical Garden","Feb",2016,Feb 2016,6
"Queens Botanical Garden","Feb",2017,Feb 2017,13
"Queens Botanical Garden","Feb",2018,Feb 2018,13
"Queens Botanical Garden","Mar",2013,Mar 2013,39
"Queens Botanical Garden","Mar",2014,Mar 2014,37
"Queens Botanical Garden","Mar",2015,Mar 2015,37
"Queens Botanical Garden","Mar",2016,Mar 2016,5
"Queens Botanical Garden","Mar",2017,Mar 2017,7
"Queens Botanical Garden","Mar",2018,Mar 2018,13
"Queens Botanical Garden","Apr",2013,Apr 2013,41
"Queens Botanical Garden","Apr",2014,Apr 2014,37
"Queens Botanical Garden","Apr",2015,Apr 2015,42
"Queens Botanical Garden","Apr",2016,Apr 2016,8
"Queens Botanical Garden","Apr",2017,Apr 2017,16
"Queens Botanical Garden","Apr",2018,Apr 2018,23
"Queens Botanical Garden","May",2013,May 2013,90
"Queens Botanical Garden","May",2014,May 2014,38
"Queens Botanical Garden","May",2015,May 2015,49
"Queens Botanical Garden","May",2016,May 2016,2
"Queens Botanical Garden","May",2017,May 2017,11
"Queens Botanical Garden","May",2018,May 2018,25
"Queens Botanical Garden","Jun",2013,Jun 2013,57
"Queens Botanical Garden","Jun",2014,Jun 2014,32
"Queens Botanical Garden","Jun",2015,Jun 2015,50
"Queens Botanical Garden","Jun",2016,Jun 2016,18
"Queens Botanical Garden","Jun",2017,Jun 2017,35
"Queens Botanical Garden","Jun",2018,Jun 2018,20
"Queens Botanical Garden","Jul",2013,Jul 2013,116
"Queens Botanical Garden","Jul",2014,Jul 2014,54
"Queens Botanical Garden","Jul",2015,Jul 2015,58
"Queens Botanical Garden","Jul",2016,Jul 2016,20
"Queens Botanical Garden","Jul",2017,Jul 2017,34
"Queens Botanical Garden","Jul",2018,Jul 2018,24
"Queens Botanical Garden","Aug",2013,Aug 2013,94
"Queens Botanical Garden","Aug",2014,Aug 2014,80
"Queens Botanical Garden","Aug",2015,Aug 2015,29
"Queens Botanical Garden","Aug",2016,Aug 2016,24
"Queens Botanical Garden","Aug",2017,Aug 2017,35
"Queens Botanical Garden","Aug",2018,Aug 2018,26
"Queens Botanical Garden","Sep",2013,Sep 2013,42
"Queens Botanical Garden","Sep",2014,Sep 2014,67
"Queens Botanical Garden","Sep",2015,Sep 2015,4
"Queens Botanical Garden","Sep",2017,Sep 2017,19
"Queens Botanical Garden","Sep",2018,Sep 2018,19
"Queens Botanical Garden","Oct",2013,Oct 2013,41
"Queens Botanical Garden","Oct",2014,Oct 2014,75
"Queens Botanical Garden","Oct",2015,Oct 2015,7
"Queens Botanical Garden","Oct",2016,Oct 2016,2
"Queens Botanical Garden","Oct",2017,Oct 2017,21
"Queens Botanical Garden","Oct",2018,Oct 2018,32
"Queens Botanical Garden","Nov",2013,Nov 2013,33
"Queens Botanical Garden","Nov",2014,Nov 2014,38
"Queens Botanical Garden","Nov",2015,Nov 2015,6
"Queens Botanical Garden","Nov",2017,Nov 2017,11
"Queens Botanical Garden","Nov",2018,Nov 2018,9
"Queens Botanical Garden","Dec",2013,Dec 2013,35
"Queens Botanical Garden","Dec",2014,Dec 2014,34
"Queens Botanical Garden","Dec",2015,Dec 2015,1
"Queens Botanical Garden","Dec",2016,Dec 2016,1
"Queens Botanical Garden","Dec",2017,Dec 2017,4
"Queens Recreation","Jan",2013,Jan 2013,2
"Queens Recreation","Jan",2014,Jan 2014,5
"Queens Recreation","Jan",2015,Jan 2015,1
"Queens Recreation","Jan",2016,Jan 2016,1
"Queens Recreation","Feb",2013,Feb 2013,4
"Queens Recreation","Feb",2014,Feb 2014,5
"Queens Recreation","Feb",2015,Feb 2015,3
"Queens Recreation","Feb",2016,Feb 2016,11
"Queens Recreation","Feb",2017,Feb 2017,1
"Queens Recreation","Mar",2013,Mar 2013,4
"Queens Recreation","Mar",2014,Mar 2014,15
"Queens Recreation","Mar",2015,Mar 2015,1
"Queens Recreation","Mar",2016,Mar 2016,9
"Queens Recreation","Mar",2018,Mar 2018,1
"Queens Recreation","Apr",2013,Apr 2013,3
"Queens Recreation","Apr",2014,Apr 2014,25
"Queens Recreation","Apr",2016,Apr 2016,12
"Queens Recreation","May",2013,May 2013,4
"Queens Recreation","May",2014,May 2014,12
"Queens Recreation","May",2015,May 2015,8
"Queens Recreation","May",2016,May 2016,15
"Queens Recreation","May",2018,May 2018,1
"Queens Recreation","Jun",2013,Jun 2013,9
"Queens Recreation","Jun",2014,Jun 2014,12
"Queens Recreation","Jun",2015,Jun 2015,17
"Queens Recreation","Jun",2016,Jun 2016,4
"Queens Recreation","Jul",2013,Jul 2013,4
"Queens Recreation","Jul",2014,Jul 2014,5
"Queens Recreation","Jul",2015,Jul 2015,14
"Queens Recreation","Jul",2018,Jul 2018,2
"Queens Recreation","Aug",2013,Aug 2013,12
"Queens Recreation","Aug",2014,Aug 2014,16
"Queens Recreation","Aug",2015,Aug 2015,16
"Queens Recreation","Aug",2016,Aug 2016,1
"Queens Recreation","Aug",2018,Aug 2018,1
"Queens Recreation","Sep",2013,Sep 2013,5
"Queens Recreation","Sep",2014,Sep 2014,4
"Queens Recreation","Sep",2015,Sep 2015,5
"Queens Recreation","Sep",2016,Sep 2016,1
"Queens Recreation","Sep",2017,Sep 2017,1
"Queens Recreation","Sep",2018,Sep 2018,1
"Queens Recreation","Oct",2013,Oct 2013,13
"Queens Recreation","Oct",2014,Oct 2014,5
"Queens Recreation","Oct",2015,Oct 2015,4
"Queens Recreation","Nov",2013,Nov 2013,2
"Queens Recreation","Nov",2015,Nov 2015,2
"Queens Recreation","Dec",2013,Dec 2013,3
"Queens Recreation","Dec",2015,Dec 2015,1
"Queens Recreation","Dec",2016,Dec 2016,1
"Staten Island Greenbelt Conservancy","Jan",2013,Jan 2013,20
"Staten Island Greenbelt Conservancy","Jan",2015,Jan 2015,1
"Staten Island Greenbelt Conservancy","Jan",2016,Jan 2016,4
"Staten Island Greenbelt Conservancy","Jan",2017,Jan 2017,7
"Staten Island Greenbelt Conservancy","Jan",2018,Jan 2018,9
"Staten Island Greenbelt Conservancy","Feb",2013,Feb 2013,18
"Staten Island Greenbelt Conservancy","Feb",2014,Feb 2014,4
"Staten Island Greenbelt Conservancy","Feb",2015,Feb 2015,13
"Staten Island Greenbelt Conservancy","Feb",2016,Feb 2016,9
"Staten Island Greenbelt Conservancy","Feb",2017,Feb 2017,6
"Staten Island Greenbelt Conservancy","Feb",2018,Feb 2018,15
"Staten Island Greenbelt Conservancy","Mar",2013,Mar 2013,28
"Staten Island Greenbelt Conservancy","Mar",2014,Mar 2014,7
"Staten Island Greenbelt Conservancy","Mar",2015,Mar 2015,29
"Staten Island Greenbelt Conservancy","Mar",2016,Mar 2016,16
"Staten Island Greenbelt Conservancy","Mar",2017,Mar 2017,20
"Staten Island Greenbelt Conservancy","Mar",2018,Mar 2018,12
"Staten Island Greenbelt Conservancy","Apr",2013,Apr 2013,46
"Staten Island Greenbelt Conservancy","Apr",2014,Apr 2014,16
"Staten Island Greenbelt Conservancy","Apr",2015,Apr 2015,11
"Staten Island Greenbelt Conservancy","Apr",2016,Apr 2016,9
"Staten Island Greenbelt Conservancy","Apr",2017,Apr 2017,14
"Staten Island Greenbelt Conservancy","Apr",2018,Apr 2018,9
"Staten Island Greenbelt Conservancy","May",2013,May 2013,37
"Staten Island Greenbelt Conservancy","May",2014,May 2014,12
"Staten Island Greenbelt Conservancy","May",2015,May 2015,12
"Staten Island Greenbelt Conservancy","May",2016,May 2016,14
"Staten Island Greenbelt Conservancy","May",2017,May 2017,14
"Staten Island Greenbelt Conservancy","May",2018,May 2018,14
"Staten Island Greenbelt Conservancy","Jun",2013,Jun 2013,33
"Staten Island Greenbelt Conservancy","Jun",2014,Jun 2014,12
"Staten Island Greenbelt Conservancy","Jun",2015,Jun 2015,13
"Staten Island Greenbelt Conservancy","Jun",2016,Jun 2016,2
"Staten Island Greenbelt Conservancy","Jun",2017,Jun 2017,12
"Staten Island Greenbelt Conservancy","Jun",2018,Jun 2018,12
"Staten Island Greenbelt Conservancy","Jul",2013,Jul 2013,16
"Staten Island Greenbelt Conservancy","Jul",2014,Jul 2014,54
"Staten Island Greenbelt Conservancy","Jul",2015,Jul 2015,36
"Staten Island Greenbelt Conservancy","Jul",2016,Jul 2016,2
"Staten Island Greenbelt Conservancy","Jul",2017,Jul 2017,22
"Staten Island Greenbelt Conservancy","Jul",2018,Jul 2018,28
"Staten Island Greenbelt Conservancy","Aug",2013,Aug 2013,8
"Staten Island Greenbelt Conservancy","Aug",2014,Aug 2014,28
"Staten Island Greenbelt Conservancy","Aug",2015,Aug 2015,19
"Staten Island Greenbelt Conservancy","Aug",2016,Aug 2016,7
"Staten Island Greenbelt Conservancy","Aug",2017,Aug 2017,24
"Staten Island Greenbelt Conservancy","Aug",2018,Aug 2018,23
"Staten Island Greenbelt Conservancy","Sep",2013,Sep 2013,11
"Staten Island Greenbelt Conservancy","Sep",2014,Sep 2014,22
"Staten Island Greenbelt Conservancy","Sep",2015,Sep 2015,6
"Staten Island Greenbelt Conservancy","Sep",2017,Sep 2017,19
"Staten Island Greenbelt Conservancy","Sep",2018,Sep 2018,6
"Staten Island Greenbelt Conservancy","Oct",2013,Oct 2013,20
"Staten Island Greenbelt Conservancy","Oct",2014,Oct 2014,11
"Staten Island Greenbelt Conservancy","Oct",2015,Oct 2015,5
"Staten Island Greenbelt Conservancy","Oct",2017,Oct 2017,26
"Staten Island Greenbelt Conservancy","Oct",2018,Oct 2018,17
"Staten Island Greenbelt Conservancy","Nov",2013,Nov 2013,20
"Staten Island Greenbelt Conservancy","Nov",2014,Nov 2014,15
"Staten Island Greenbelt Conservancy","Nov",2015,Nov 2015,6
"Staten Island Greenbelt Conservancy","Nov",2016,Nov 2016,3
"Staten Island Greenbelt Conservancy","Nov",2017,Nov 2017,20
"Staten Island Greenbelt Conservancy","Nov",2018,Nov 2018,28
"Staten Island Greenbelt Conservancy","Dec",2013,Dec 2013,6
"Staten Island Greenbelt Conservancy","Dec",2014,Dec 2014,5
"Staten Island Greenbelt Conservancy","Dec",2015,Dec 2015,6
"Staten Island Greenbelt Conservancy","Dec",2017,Dec 2017,8
"Staten Island Greenbelt Conservancy","Dec",2018,Dec 2018,16
"Stewardship Team","Jan",2014,Jan 2014,3
"Stewardship Team","Jan",2015,Jan 2015,1
"Stewardship Team","Jan",2016,Jan 2016,3
"Stewardship Team","Jan",2017,Jan 2017,18
"Stewardship Team","Jan",2018,Jan 2018,5
"Stewardship Team","Feb",2013,Feb 2013,2
"Stewardship Team","Feb",2014,Feb 2014,3
"Stewardship Team","Feb",2017,Feb 2017,5
"Stewardship Team","Feb",2018,Feb 2018,5
"Stewardship Team","Mar",2013,Mar 2013,5
"Stewardship Team","Mar",2014,Mar 2014,6
"Stewardship Team","Mar",2016,Mar 2016,1
"Stewardship Team","Mar",2017,Mar 2017,6
"Stewardship Team","Mar",2018,Mar 2018,6
"Stewardship Team","Apr",2013,Apr 2013,3
"Stewardship Team","Apr",2016,Apr 2016,9
"Stewardship Team","Apr",2017,Apr 2017,12
"Stewardship Team","Apr",2018,Apr 2018,8
"Stewardship Team","May",2013,May 2013,15
"Stewardship Team","May",2014,May 2014,6
"Stewardship Team","May",2015,May 2015,1
"Stewardship Team","May",2016,May 2016,8
"Stewardship Team","May",2017,May 2017,7
"Stewardship Team","May",2018,May 2018,9
"Stewardship Team","Jun",2013,Jun 2013,5
"Stewardship Team","Jun",2014,Jun 2014,13
"Stewardship Team","Jun",2015,Jun 2015,3
"Stewardship Team","Jun",2016,Jun 2016,9
"Stewardship Team","Jun",2017,Jun 2017,4
"Stewardship Team","Jun",2018,Jun 2018,13
"Stewardship Team","Jul",2013,Jul 2013,8
"Stewardship Team","Jul",2014,Jul 2014,5
"Stewardship Team","Jul",2015,Jul 2015,3
"Stewardship Team","Jul",2016,Jul 2016,5
"Stewardship Team","Jul",2018,Jul 2018,9
"Stewardship Team","Aug",2013,Aug 2013,1
"Stewardship Team","Aug",2014,Aug 2014,5
"Stewardship Team","Aug",2015,Aug 2015,1
"Stewardship Team","Aug",2016,Aug 2016,7
"Stewardship Team","Aug",2018,Aug 2018,5
"Stewardship Team","Sep",2013,Sep 2013,7
"Stewardship Team","Sep",2014,Sep 2014,7
"Stewardship Team","Sep",2015,Sep 2015,2
"Stewardship Team","Sep",2016,Sep 2016,9
"Stewardship Team","Sep",2017,Sep 2017,3
"Stewardship Team","Sep",2018,Sep 2018,6
"Stewardship Team","Oct",2013,Oct 2013,2
"Stewardship Team","Oct",2014,Oct 2014,6
"Stewardship Team","Oct",2016,Oct 2016,14
"Stewardship Team","Oct",2017,Oct 2017,7
"Stewardship Team","Oct",2018,Oct 2018,11
"Stewardship Team","Nov",2013,Nov 2013,5
"Stewardship Team","Nov",2014,Nov 2014,3
"Stewardship Team","Nov",2015,Nov 2015,1
"Stewardship Team","Nov",2016,Nov 2016,8
"Stewardship Team","Nov",2017,Nov 2017,4
"Stewardship Team","Nov",2018,Nov 2018,9
"Stewardship Team","Dec",2013,Dec 2013,5
"Stewardship Team","Dec",2014,Dec 2014,1
"Stewardship Team","Dec",2016,Dec 2016,10
"Stewardship Team","Dec",2017,Dec 2017,6
"Stewardship Team","Dec",2018,Dec 2018,3
"Urban Park Rangers","Jan",2013,Jan 2013,21
"Urban Park Rangers","Jan",2014,Jan 2014,22
"Urban Park Rangers","Jan",2015,Jan 2015,24
"Urban Park Rangers","Jan",2016,Jan 2016,32
"Urban Park Rangers","Jan",2017,Jan 2017,17
"Urban Park Rangers","Jan",2018,Jan 2018,31
"Urban Park Rangers","Feb",2013,Feb 2013,30
"Urban Park Rangers","Feb",2014,Feb 2014,69
"Urban Park Rangers","Feb",2015,Feb 2015,57
"Urban Park Rangers","Feb",2016,Feb 2016,58
"Urban Park Rangers","Feb",2017,Feb 2017,55
"Urban Park Rangers","Feb",2018,Feb 2018,64
"Urban Park Rangers","Mar",2013,Mar 2013,58
"Urban Park Rangers","Mar",2014,Mar 2014,29
"Urban Park Rangers","Mar",2015,Mar 2015,24
"Urban Park Rangers","Mar",2016,Mar 2016,24
"Urban Park Rangers","Mar",2017,Mar 2017,25
"Urban Park Rangers","Mar",2018,Mar 2018,42
"Urban Park Rangers","Apr",2013,Apr 2013,35
"Urban Park Rangers","Apr",2014,Apr 2014,62
"Urban Park Rangers","Apr",2015,Apr 2015,65
"Urban Park Rangers","Apr",2016,Apr 2016,64
"Urban Park Rangers","Apr",2017,Apr 2017,58
"Urban Park Rangers","Apr",2018,Apr 2018,78
"Urban Park Rangers","May",2013,May 2013,32
"Urban Park Rangers","May",2014,May 2014,30
"Urban Park Rangers","May",2015,May 2015,45
"Urban Park Rangers","May",2016,May 2016,33
"Urban Park Rangers","May",2017,May 2017,33
"Urban Park Rangers","May",2018,May 2018,43
"Urban Park Rangers","Jun",2013,Jun 2013,40
"Urban Park Rangers","Jun",2014,Jun 2014,33
"Urban Park Rangers","Jun",2015,Jun 2015,39
"Urban Park Rangers","Jun",2016,Jun 2016,30
"Urban Park Rangers","Jun",2017,Jun 2017,29
"Urban Park Rangers","Jun",2018,Jun 2018,47
"Urban Park Rangers","Jul",2013,Jul 2013,38
"Urban Park Rangers","Jul",2014,Jul 2014,33
"Urban Park Rangers","Jul",2015,Jul 2015,43
"Urban Park Rangers","Jul",2016,Jul 2016,55
"Urban Park Rangers","Jul",2017,Jul 2017,154
"Urban Park Rangers","Jul",2018,Jul 2018,258
"Urban Park Rangers","Aug",2013,Aug 2013,42
"Urban Park Rangers","Aug",2014,Aug 2014,48
"Urban Park Rangers","Aug",2015,Aug 2015,49
"Urban Park Rangers","Aug",2016,Aug 2016,41
"Urban Park Rangers","Aug",2017,Aug 2017,96
"Urban Park Rangers","Aug",2018,Aug 2018,176
"Urban Park Rangers","Sep",2013,Sep 2013,40
"Urban Park Rangers","Sep",2014,Sep 2014,41
"Urban Park Rangers","Sep",2015,Sep 2015,34
"Urban Park Rangers","Sep",2016,Sep 2016,32
"Urban Park Rangers","Sep",2017,Sep 2017,25
"Urban Park Rangers","Sep",2018,Sep 2018,51
"Urban Park Rangers","Oct",2013,Oct 2013,34
"Urban Park Rangers","Oct",2014,Oct 2014,32
"Urban Park Rangers","Oct",2015,Oct 2015,46
"Urban Park Rangers","Oct",2016,Oct 2016,39
"Urban Park Rangers","Oct",2017,Oct 2017,37
"Urban Park Rangers","Oct",2018,Oct 2018,48
"Urban Park Rangers","Nov",2013,Nov 2013,44
"Urban Park Rangers","Nov",2014,Nov 2014,43
"Urban Park Rangers","Nov",2015,Nov 2015,47
"Urban Park Rangers","Nov",2016,Nov 2016,40
"Urban Park Rangers","Nov",2017,Nov 2017,40
"Urban Park Rangers","Nov",2018,Nov 2018,48
"Urban Park Rangers","Dec",2013,Dec 2013,37
"Urban Park Rangers","Dec",2014,Dec 2014,25
"Urban Park Rangers","Dec",2015,Dec 2015,37
"Urban Park Rangers","Dec",2016,Dec 2016,32
"Urban Park Rangers","Dec",2017,Dec 2017,30
"Urban Park Rangers","Dec",2018,Dec 2018,43
"Van Cortlandt Park Conservancy","Jan",2013,Jan 2013,4
"Van Cortlandt Park Conservancy","Feb",2013,Feb 2013,4
"Van Cortlandt Park Conservancy","Mar",2013,Mar 2013,8
"Van Cortlandt Park Conservancy","Mar",2016,Mar 2016,1
"Van Cortlandt Park Conservancy","Mar",2018,Mar 2018,2
"Van Cortlandt Park Conservancy","Apr",2013,Apr 2013,8
"Van Cortlandt Park Conservancy","Apr",2014,Apr 2014,5
"Van Cortlandt Park Conservancy","Apr",2017,Apr 2017,4
"Van Cortlandt Park Conservancy","Apr",2018,Apr 2018,3
"Van Cortlandt Park Conservancy","May",2013,May 2013,9
"Van Cortlandt Park Conservancy","May",2014,May 2014,5
"Van Cortlandt Park Conservancy","May",2015,May 2015,4
"Van Cortlandt Park Conservancy","May",2016,May 2016,4
"Van Cortlandt Park Conservancy","May",2017,May 2017,14
"Van Cortlandt Park Conservancy","May",2018,May 2018,11
"Van Cortlandt Park Conservancy","Jun",2013,Jun 2013,10
"Van Cortlandt Park Conservancy","Jun",2014,Jun 2014,4
"Van Cortlandt Park Conservancy","Jun",2015,Jun 2015,5
"Van Cortlandt Park Conservancy","Jun",2016,Jun 2016,10
"Van Cortlandt Park Conservancy","Jun",2017,Jun 2017,14
"Van Cortlandt Park Conservancy","Jun",2018,Jun 2018,12
"Van Cortlandt Park Conservancy","Jul",2013,Jul 2013,9
"Van Cortlandt Park Conservancy","Jul",2014,Jul 2014,4
"Van Cortlandt Park Conservancy","Jul",2015,Jul 2015,47
"Van Cortlandt Park Conservancy","Jul",2016,Jul 2016,24
"Van Cortlandt Park Conservancy","Jul",2017,Jul 2017,16
"Van Cortlandt Park Conservancy","Jul",2018,Jul 2018,9
"Van Cortlandt Park Conservancy","Aug",2013,Aug 2013,8
"Van Cortlandt Park Conservancy","Aug",2014,Aug 2014,5
"Van Cortlandt Park Conservancy","Aug",2015,Aug 2015,30
"Van Cortlandt Park Conservancy","Aug",2016,Aug 2016,14
"Van Cortlandt Park Conservancy","Aug",2017,Aug 2017,9
"Van Cortlandt Park Conservancy","Aug",2018,Aug 2018,2
"Van Cortlandt Park Conservancy","Sep",2013,Sep 2013,4
"Van Cortlandt Park Conservancy","Sep",2014,Sep 2014,4
"Van Cortlandt Park Conservancy","Sep",2015,Sep 2015,7
"Van Cortlandt Park Conservancy","Sep",2016,Sep 2016,11
"Van Cortlandt Park Conservancy","Sep",2017,Sep 2017,11
"Van Cortlandt Park Conservancy","Oct",2013,Oct 2013,4
"Van Cortlandt Park Conservancy","Oct",2014,Oct 2014,5
"Van Cortlandt Park Conservancy","Oct",2015,Oct 2015,3
"Van Cortlandt Park Conservancy","Oct",2016,Oct 2016,12
"Van Cortlandt Park Conservancy","Oct",2017,Oct 2017,10
"Van Cortlandt Park Conservancy","Nov",2013,Nov 2013,5
"Van Cortlandt Park Conservancy","Nov",2014,Nov 2014,8
"Van Cortlandt Park Conservancy","Nov",2016,Nov 2016,4
"Van Cortlandt Park Conservancy","Nov",2017,Nov 2017,9
"Van Cortlandt Park Conservancy","Dec",2013,Dec 2013,4
"Van Cortlandt Park Conservancy","Dec",2014,Dec 2014,3
"Van Cortlandt Park Conservancy","Dec",2015,Dec 2015,1
"Van Cortlandt Park Conservancy","Dec",2016,Dec 2016,1
"Van Cortlandt Park Conservancy","Dec",2017,Dec 2017,5
"Wave Hill","Jan",2013,Jan 2013,31
"Wave Hill","Jan",2014,Jan 2014,16
"Wave Hill","Jan",2015,Jan 2015,41
"Wave Hill","Jan",2016,Jan 2016,56
"Wave Hill","Jan",2017,Jan 2017,26
"Wave Hill","Jan",2018,Jan 2018,25
"Wave Hill","Feb",2013,Feb 2013,30
"Wave Hill","Feb",2014,Feb 2014,10
"Wave Hill","Feb",2015,Feb 2015,41
"Wave Hill","Feb",2016,Feb 2016,53
"Wave Hill","Feb",2017,Feb 2017,30
"Wave Hill","Feb",2018,Feb 2018,30
"Wave Hill","Mar",2013,Mar 2013,23
"Wave Hill","Mar",2015,Mar 2015,32
"Wave Hill","Mar",2016,Mar 2016,44
"Wave Hill","Mar",2017,Mar 2017,37
"Wave Hill","Mar",2018,Mar 2018,29
"Wave Hill","Apr",2013,Apr 2013,50
"Wave Hill","Apr",2015,Apr 2015,48
"Wave Hill","Apr",2016,Apr 2016,45
"Wave Hill","Apr",2017,Apr 2017,43
"Wave Hill","Apr",2018,Apr 2018,56
"Wave Hill","May",2013,May 2013,15
"Wave Hill","May",2014,May 2014,17
"Wave Hill","May",2015,May 2015,66
"Wave Hill","May",2016,May 2016,33
"Wave Hill","May",2017,May 2017,35
"Wave Hill","May",2018,May 2018,51
"Wave Hill","Jun",2014,Jun 2014,14
"Wave Hill","Jun",2015,Jun 2015,54
"Wave Hill","Jun",2016,Jun 2016,57
"Wave Hill","Jun",2017,Jun 2017,57
"Wave Hill","Jun",2018,Jun 2018,61
"Wave Hill","Jul",2013,Jul 2013,38
"Wave Hill","Jul",2014,Jul 2014,54
"Wave Hill","Jul",2015,Jul 2015,62
"Wave Hill","Jul",2016,Jul 2016,66
"Wave Hill","Jul",2017,Jul 2017,46
"Wave Hill","Jul",2018,Jul 2018,65
"Wave Hill","Aug",2013,Aug 2013,61
"Wave Hill","Aug",2014,Aug 2014,49
"Wave Hill","Aug",2015,Aug 2015,59
"Wave Hill","Aug",2016,Aug 2016,43
"Wave Hill","Aug",2017,Aug 2017,57
"Wave Hill","Aug",2018,Aug 2018,56
"Wave Hill","Sep",2013,Sep 2013,48
"Wave Hill","Sep",2014,Sep 2014,45
"Wave Hill","Sep",2015,Sep 2015,53
"Wave Hill","Sep",2016,Sep 2016,23
"Wave Hill","Sep",2017,Sep 2017,45
"Wave Hill","Sep",2018,Sep 2018,45
"Wave Hill","Oct",2013,Oct 2013,58
"Wave Hill","Oct",2014,Oct 2014,21
"Wave Hill","Oct",2015,Oct 2015,68
"Wave Hill","Oct",2016,Oct 2016,34
"Wave Hill","Oct",2017,Oct 2017,52
"Wave Hill","Oct",2018,Oct 2018,49
"Wave Hill","Nov",2013,Nov 2013,23
"Wave Hill","Nov",2014,Nov 2014,55
"Wave Hill","Nov",2015,Nov 2015,49
"Wave Hill","Nov",2016,Nov 2016,23
"Wave Hill","Nov",2017,Nov 2017,42
"Wave Hill","Nov",2018,Nov 2018,42
"Wave Hill","Dec",2014,Dec 2014,31
"Wave Hill","Dec",2015,Dec 2015,31
"Wave Hill","Dec",2016,Dec 2016,16
"Wave Hill","Dec",2017,Dec 2017,24
"Wave Hill","Dec",2018,Dec 2018,4
"Wyckoff House Museum","Jan",2016,Jan 2016,2
"Wyckoff House Museum","Jan",2017,Jan 2017,1
"Wyckoff House Museum","Jan",2018,Jan 2018,1
"Wyckoff House Museum","Feb",2013,Feb 2013,4
"Wyckoff House Museum","Feb",2014,Feb 2014,1
"Wyckoff House Museum","Feb",2016,Feb 2016,1
"Wyckoff House Museum","Feb",2017,Feb 2017,1
"Wyckoff House Museum","Feb",2018,Feb 2018,2
"Wyckoff House Museum","Mar",2013,Mar 2013,1
"Wyckoff House Museum","Mar",2014,Mar 2014,1
"Wyckoff House Museum","Mar",2016,Mar 2016,1
"Wyckoff House Museum","Mar",2017,Mar 2017,1
"Wyckoff House Museum","Mar",2018,Mar 2018,2
"Wyckoff House Museum","Apr",2013,Apr 2013,1
"Wyckoff House Museum","Apr",2015,Apr 2015,3
"Wyckoff House Museum","Apr",2016,Apr 2016,1
"Wyckoff House Museum","Apr",2017,Apr 2017,1
"Wyckoff House Museum","Apr",2018,Apr 2018,3
"Wyckoff House Museum","May",2013,May 2013,2
"Wyckoff House Museum","May",2016,May 2016,1
"Wyckoff House Museum","May",2017,May 2017,1
"Wyckoff House Museum","May",2018,May 2018,2
"Wyckoff House Museum","Jun",2013,Jun 2013,1
"Wyckoff House Museum","Jun",2015,Jun 2015,1
"Wyckoff House Museum","Jun",2016,Jun 2016,4
"Wyckoff House Museum","Jun",2017,Jun 2017,2
"Wyckoff House Museum","Jun",2018,Jun 2018,9
"Wyckoff House Museum","Jul",2013,Jul 2013,2
"Wyckoff House Museum","Jul",2014,Jul 2014,1
"Wyckoff House Museum","Jul",2015,Jul 2015,3
"Wyckoff House Museum","Jul",2016,Jul 2016,3
"Wyckoff House Museum","Jul",2017,Jul 2017,3
"Wyckoff House Museum","Jul",2018,Jul 2018,8
"Wyckoff House Museum","Aug",2013,Aug 2013,13
"Wyckoff House Museum","Aug",2014,Aug 2014,2
"Wyckoff House Museum","Aug",2015,Aug 2015,4
"Wyckoff House Museum","Aug",2016,Aug 2016,3
"Wyckoff House Museum","Aug",2017,Aug 2017,3
"Wyckoff House Museum","Aug",2018,Aug 2018,9
"Wyckoff House Museum","Sep",2013,Sep 2013,3
"Wyckoff House Museum","Sep",2014,Sep 2014,1
"Wyckoff House Museum","Sep",2015,Sep 2015,2
"Wyckoff House Museum","Sep",2016,Sep 2016,1
"Wyckoff House Museum","Sep",2017,Sep 2017,5
"Wyckoff House Museum","Sep",2018,Sep 2018,9
"Wyckoff House Museum","Oct",2013,Oct 2013,2
"Wyckoff House Museum","Oct",2015,Oct 2015,1
"Wyckoff House Museum","Oct",2016,Oct 2016,1
"Wyckoff House Museum","Oct",2017,Oct 2017,1
"Wyckoff House Museum","Oct",2018,Oct 2018,5
"Wyckoff House Museum","Nov",2015,Nov 2015,1
"Wyckoff House Museum","Nov",2016,Nov 2016,1
"Wyckoff House Museum","Nov",2017,Nov 2017,5
"Wyckoff House Museum","Nov",2018,Nov 2018,3
"Wyckoff House Museum","Dec",2013,Dec 2013,1
"Wyckoff House Museum","Dec",2014,Dec 2014,1
"Wyckoff House Museum","Dec",2015,Dec 2015,2
"Wyckoff House Museum","Dec",2016,Dec 2016,2
"Wyckoff House Museum","Dec",2017,Dec 2017,1
"Wyckoff House Museum","Dec",2018,Dec 2018,1
